File.accession	File.format	Output.type	Experiment.accession	Assay	Biosample.term.id	Biosample.term.name	Biosample.type	Biosample.organism	Biosample.treatments	Biosample.treatments.amount	Biosample.treatments.duration	Biosample.genetic.modifications.methods	Biosample.genetic.modifications.categories	Biosample.genetic.modifications.targets	Biosample.genetic.modifications.gene.targets	Biosample.genetic.modifications.site.coordinates	Biosample.genetic.modifications.zygosity	Experiment.target	Library.made.from	Library.depleted.in	Library.extraction.method	Library.lysis.method	Library.crosslinking.method	Library.strand.specific	Experiment.date.released	Project	RBNS.protein.concentration	Library.fragmentation.method	Library.size.range	Biological.replicate.s.	Technical.replicate	Read.length	Mapped.read.length	Run.type	Paired.end	Paired.with	Derived.from	Size	Lab	md5sum	dbxrefs	File.download.URL	Assembly	Genome.annotation	Platform	Controlled.by	File.Status	s3_uri	Audit.WARNING	Audit.INTERNAL_ACTION	Audit.NOT_COMPLIANT	Audit.ERROR
ENCFF053MMC	bigWig	read-depth normalized signal	ENCSR191EII	DNase-seq	CL:0001059	common myeloid progenitor, CD34-positive	primary cell	Homo sapiens							NA			NA	DNA	NA	see document		NA	False	2013-07-31	Roadmap	NA	NA	NA	1	NA	NA	NA	NA	NA	NA	ENCFF134NUT	720717800	ENCODE Processing Pipeline	17019b3627c8af486f9feeb0825fa3fa	NA	https://www.encodeproject.org/files/ENCFF053MMC/@@download/ENCFF053MMC.bigWig	hg19	NA	NA	NA	released	s3://encode-public/2017/09/27/b35a13d8-e1b2-4562-989f-4c38b943125b/ENCFF053MMC.bigWig				NA
ENCFF457URD	bigWig	read-depth normalized signal	ENCSR639ZJI	DNase-seq	CL:0001059	common myeloid progenitor, CD34-positive	primary cell	Homo sapiens							NA			NA	DNA	NA	see document		NA	False	2013-07-31	Roadmap	NA	NA	NA	1	NA	NA	NA	NA	NA	NA	ENCFF330KKF	556600682	ENCODE Processing Pipeline	73276125225bdbf5f23754518dff1267	NA	https://www.encodeproject.org/files/ENCFF457URD/@@download/ENCFF457URD.bigWig	hg19	NA	NA	NA	released	s3://encode-public/2017/09/19/fdcd86c7-1111-4932-a406-a78cea7ea802/ENCFF457URD.bigWig	low read depth			NA
ENCFF529QEE	bigWig	read-depth normalized signal	ENCSR495INQ	DNase-seq	CL:0001059	common myeloid progenitor, CD34-positive	primary cell	Homo sapiens							NA			NA	DNA	NA	see document		NA	False	2013-07-31	Roadmap	NA	NA	NA	1	NA	NA	NA	NA	NA	NA	ENCFF160LMY	592057624	ENCODE Processing Pipeline	440f9b216819ab333b65bc98d1c3dbf2	NA	https://www.encodeproject.org/files/ENCFF529QEE/@@download/ENCFF529QEE.bigWig	hg19	NA	NA	NA	released	s3://encode-public/2017/09/19/030b6798-45c3-4a64-b6be-dd6f7e398efc/ENCFF529QEE.bigWig	low read depth			NA
ENCFF135GGL	bigWig	read-depth normalized signal	ENCSR000EOG	DNase-seq	CL:1001568	pulmonary artery endothelial cell	primary cell	Homo sapiens							NA			NA	DNA	NA	see document	see document	NA	False	2011-10-19	ENCODE	NA	NA	NA	1	NA	NA	NA	NA	NA	NA	ENCFF474RRG	594614975	ENCODE Processing Pipeline	b3cf2478d6213be5fe199ddc1b1d1cb9	NA	https://www.encodeproject.org/files/ENCFF135GGL/@@download/ENCFF135GGL.bigWig	hg19	NA	NA	NA	released	s3://encode-public/2017/09/05/b5735d1b-f8b8-41a0-929c-8950008550a6/ENCFF135GGL.bigWig	low spot score, low read depth			NA
ENCFF223SBV	bigWig	read-depth normalized signal	ENCSR000EOL	DNase-seq	CL:0002518	kidney epithelial cell	primary cell	Homo sapiens							NA			NA	DNA	NA	see document	see document	NA	False	2010-12-16	ENCODE	NA	NA	NA	1	NA	NA	NA	NA	NA	NA	ENCFF770UDF	553316859	ENCODE Processing Pipeline	a9c6d546c85311cd2faa27bfdadec92f	NA	https://www.encodeproject.org/files/ENCFF223SBV/@@download/ENCFF223SBV.bigWig	hg19	NA	NA	NA	released	s3://encode-public/2017/09/05/50d4482d-56c1-4478-994a-edd23d864d3d/ENCFF223SBV.bigWig	low read depth			NA
ENCFF028CWA	bigWig	read-depth normalized signal	ENCSR000EOL	DNase-seq	CL:0002518	kidney epithelial cell	primary cell	Homo sapiens							NA			NA	DNA	NA	see document	see document	NA	False	2010-12-16	ENCODE	NA	NA	NA	2	NA	NA	NA	NA	NA	NA	ENCFF801VVX	565288139	ENCODE Processing Pipeline	4ee649e5690b0850ddeecdf48f51e166	NA	https://www.encodeproject.org/files/ENCFF028CWA/@@download/ENCFF028CWA.bigWig	hg19	NA	NA	NA	released	s3://encode-public/2017/09/05/3c72867e-d2d6-4f39-b4ac-cdbe916047d4/ENCFF028CWA.bigWig	low read depth			NA
ENCFF721GJG	bigWig	read-depth normalized signal	ENCSR518JGY	DNase-seq	CL:2000045	foreskin melanocyte	primary cell	Homo sapiens							NA			NA	DNA	NA	see document		NA	False	2013-07-31	Roadmap	NA	NA	NA	1	NA	NA	NA	NA	NA	NA	ENCFF453VLJ	670933596	ENCODE Processing Pipeline	452ab0d16342cdccece65c2c02afec8e	NA	https://www.encodeproject.org/files/ENCFF721GJG/@@download/ENCFF721GJG.bigWig	hg19	NA	NA	NA	released	s3://encode-public/2017/09/19/bc3e3d45-89ad-4b55-a3d1-a85b6051ca40/ENCFF721GJG.bigWig	low spot score			NA
ENCFF357KKB	bigWig	read-depth normalized signal	ENCSR000EPQ	DNase-seq	CL:0000312	keratinocyte	primary cell	Homo sapiens							NA			NA	DNA	NA	see document	see document	NA	False	2011-05-04	ENCODE	NA	NA	NA	1	NA	NA	NA	NA	NA	NA	ENCFF691SIL	569832081	ENCODE Processing Pipeline	74c031d8a8fda4aedaf28873bc8aefd5	NA	https://www.encodeproject.org/files/ENCFF357KKB/@@download/ENCFF357KKB.bigWig	hg19	NA	NA	NA	released	s3://encode-public/2017/09/05/57a7ec5c-5b67-4fd3-a1a1-b2f25bea8639/ENCFF357KKB.bigWig	low spot score, low read depth			NA
ENCFF582ZRH	bigWig	read-depth normalized signal	ENCSR000EPQ	DNase-seq	CL:0000312	keratinocyte	primary cell	Homo sapiens							NA			NA	DNA	NA	see document	see document	NA	False	2011-05-04	ENCODE	NA	NA	NA	2	NA	NA	NA	NA	NA	NA	ENCFF564HCA	597580892	ENCODE Processing Pipeline	f3d4ab602ed488b1a1547e688a91b92d	NA	https://www.encodeproject.org/files/ENCFF582ZRH/@@download/ENCFF582ZRH.bigWig	hg19	NA	NA	NA	released	s3://encode-public/2017/09/05/cce278df-c561-4014-a3d2-405cda734cba/ENCFF582ZRH.bigWig	low spot score, low read depth			NA
ENCFF679JIB	bigWig	read-depth normalized signal	ENCSR383BLX	DNase-seq	NTR:0000525	fibroblast of skin of right biceps	primary cell	Homo sapiens							NA			NA	DNA	NA	see document		NA	False	2013-07-31	Roadmap	NA	NA	NA	1	NA	NA	NA	NA	NA	NA	ENCFF662TYF	570326849	ENCODE Processing Pipeline	f2a3652d70f5c9b3b7080521ec9871a3	NA	https://www.encodeproject.org/files/ENCFF679JIB/@@download/ENCFF679JIB.bigWig	hg19	NA	NA	NA	archived	s3://encode-public/2017/09/19/0ff4d40c-4cb3-493d-ad23-0482f91f35be/ENCFF679JIB.bigWig		mismatched status, NTR biosample, sequencing runs labeled as technical replicates		NA
ENCFF474DUA	bigWig	read-depth normalized signal	ENCSR383BLX	DNase-seq	NTR:0000525	fibroblast of skin of right biceps	primary cell	Homo sapiens							NA			NA	DNA	NA	see document		NA	False	2013-07-31	Roadmap	NA	NA	NA	1	NA	NA	NA	NA	NA	NA	ENCFF455EBH	748250571	ENCODE Processing Pipeline	b7c030ba0fa95852f67b27eaac026ac0	NA	https://www.encodeproject.org/files/ENCFF474DUA/@@download/ENCFF474DUA.bigWig	hg19	NA	NA	NA	released	s3://encode-public/2018/11/16/f13afc5d-4001-4000-b046-c0825de022b6/ENCFF474DUA.bigWig		mismatched status, NTR biosample, sequencing runs labeled as technical replicates		NA
ENCFF170WWS	bigWig	read-depth normalized signal	ENCSR383BLX	DNase-seq	NTR:0000525	fibroblast of skin of right biceps	primary cell	Homo sapiens							NA			NA	DNA	NA	see document		NA	False	2013-07-31	Roadmap	NA	NA	NA	1	NA	NA	NA	NA	NA	NA	ENCFF741SJR	735416849	ENCODE Processing Pipeline	53cc2aacf094758db2c4c705c09b2081	NA	https://www.encodeproject.org/files/ENCFF170WWS/@@download/ENCFF170WWS.bigWig	hg19	NA	NA	NA	archived	s3://encode-public/2017/10/06/2b39d1c6-2cbe-404a-9948-82cecde798fb/ENCFF170WWS.bigWig		mismatched status, NTR biosample, sequencing runs labeled as technical replicates		NA
ENCFF097HJH	bigWig	read-depth normalized signal	ENCSR371KRY	DNase-seq	NTR:0000522	fibroblast of skin of left quadriceps	primary cell	Homo sapiens							NA			NA	DNA	NA	see document		NA	False	2013-07-31	Roadmap	NA	NA	NA	1	NA	NA	NA	NA	NA	NA	ENCFF408AZE	582345522	ENCODE Processing Pipeline	487f400fc8cb7988c224049cae4bd90a	NA	https://www.encodeproject.org/files/ENCFF097HJH/@@download/ENCFF097HJH.bigWig	hg19	NA	NA	NA	released	s3://encode-public/2017/09/19/8a82bd0f-d4c5-4429-9ba9-8c78ea67331f/ENCFF097HJH.bigWig	low read depth	mismatched status, NTR biosample		NA
ENCFF478LPH	bigWig	read-depth normalized signal	ENCSR325LYJ	DNase-seq	NTR:0000526	fibroblast of skin of upper back	primary cell	Homo sapiens							NA			NA	DNA	NA	see document		NA	False	2013-07-31	Roadmap	NA	NA	NA	1	NA	NA	NA	NA	NA	NA	ENCFF280FIP	718975598	ENCODE Processing Pipeline	2407efaf7a03eeec74976790063b3e0f	NA	https://www.encodeproject.org/files/ENCFF478LPH/@@download/ENCFF478LPH.bigWig	hg19	NA	NA	NA	released	s3://encode-public/2017/10/06/0157c694-fa8c-4ed6-80be-74e2d96e6397/ENCFF478LPH.bigWig		sequencing runs labeled as technical replicates, NTR biosample, mismatched status		NA
ENCFF029JGS	bigWig	read-depth normalized signal	ENCSR176KYD	DNase-seq	CL:2000013	fibroblast of skin of abdomen	primary cell	Homo sapiens							NA			NA	DNA	NA	see document		NA	False	2013-07-31	Roadmap	NA	NA	NA	1	NA	NA	NA	NA	NA	NA	ENCFF716TLS	586643476	ENCODE Processing Pipeline	8bf64a0e6d7b0dd94d29d4cabb22c001	NA	https://www.encodeproject.org/files/ENCFF029JGS/@@download/ENCFF029JGS.bigWig	hg19	NA	NA	NA	released	s3://encode-public/2017/09/19/c9d8cf44-2a4e-4b9a-a8de-244ddcd8b9c8/ENCFF029JGS.bigWig	low read depth			NA
ENCFF734CJO	bigWig	read-depth normalized signal	ENCSR452DCM	DNase-seq	CL:0001054	CD14-positive monocyte	primary cell	Homo sapiens							NA			NA	DNA	NA	see document		NA	False	2013-07-31	Roadmap	NA	NA	NA	1	NA	NA	NA	NA	NA	NA	ENCFF074KIH	781215868	ENCODE Processing Pipeline	0755c7ad50fe5e6f8725ebc70159348c	NA	https://www.encodeproject.org/files/ENCFF734CJO/@@download/ENCFF734CJO.bigWig	hg19	NA	NA	NA	released	s3://encode-public/2017/12/03/6a1d4ce1-59ce-47c9-8164-8dfe13d9f1c4/ENCFF734CJO.bigWig		sequencing runs labeled as technical replicates		NA
ENCFF202WUE	bigWig	read-depth normalized signal	ENCSR251UPG	DNase-seq	CL:1001608	foreskin fibroblast	primary cell	Homo sapiens							NA			NA	DNA	NA	see document		NA	False	2013-07-31	Roadmap	NA	NA	NA	1	NA	NA	NA	NA	NA	NA	ENCFF876BPX	579977966	ENCODE Processing Pipeline	e6a33b13a9d41539d92b32db84ecc0db	NA	https://www.encodeproject.org/files/ENCFF202WUE/@@download/ENCFF202WUE.bigWig	hg19	NA	NA	NA	released	s3://encode-public/2017/09/19/8f659dcc-ab64-493c-9414-c931658ddf41/ENCFF202WUE.bigWig				NA
ENCFF797QJP	bigWig	read-depth normalized signal	ENCSR695AUY	DNase-seq	CL:0001054	CD14-positive monocyte	primary cell	Homo sapiens							NA			NA	DNA	NA	see document		NA	False	2013-07-31	Roadmap	NA	NA	NA	1	NA	NA	NA	NA	NA	NA	ENCFF175LYA	554140943	ENCODE Processing Pipeline	b8e01e83e825215e5d444cd2f1a61607	NA	https://www.encodeproject.org/files/ENCFF797QJP/@@download/ENCFF797QJP.bigWig	hg19	NA	NA	NA	released	s3://encode-public/2017/09/19/de728bad-5dfc-4082-b5a0-64e48a8bb16c/ENCFF797QJP.bigWig	low read depth			NA
ENCFF839JYP	bigWig	read-depth normalized signal	ENCSR217RVH	DNase-seq	NTR:0000523	fibroblast of skin of right quadriceps	primary cell	Homo sapiens							NA			NA	DNA	NA	see document		NA	False	2013-07-31	Roadmap	NA	NA	NA	1	NA	NA	NA	NA	NA	NA	ENCFF473ABF	605402228	ENCODE Processing Pipeline	fefecc08dff7ee33ed09377072a5830a	NA	https://www.encodeproject.org/files/ENCFF839JYP/@@download/ENCFF839JYP.bigWig	hg19	NA	NA	NA	archived	s3://encode-public/2017/09/19/2e38e192-1c72-4d7f-b2ef-b41ff171c2f9/ENCFF839JYP.bigWig		sequencing runs labeled as technical replicates, NTR biosample, mismatched status		NA
ENCFF773CQM	bigWig	read-depth normalized signal	ENCSR217RVH	DNase-seq	NTR:0000523	fibroblast of skin of right quadriceps	primary cell	Homo sapiens							NA			NA	DNA	NA	see document		NA	False	2013-07-31	Roadmap	NA	NA	NA	1	NA	NA	NA	NA	NA	NA	ENCFF477RUX	763801961	ENCODE Processing Pipeline	580e3b7041402129bb11cf7e029996c4	NA	https://www.encodeproject.org/files/ENCFF773CQM/@@download/ENCFF773CQM.bigWig	hg19	NA	NA	NA	released	s3://encode-public/2018/11/16/bcc120aa-293c-4083-a225-02796496ba93/ENCFF773CQM.bigWig		sequencing runs labeled as technical replicates, NTR biosample, mismatched status		NA
ENCFF667XLE	bigWig	read-depth normalized signal	ENCSR217RVH	DNase-seq	NTR:0000523	fibroblast of skin of right quadriceps	primary cell	Homo sapiens							NA			NA	DNA	NA	see document		NA	False	2013-07-31	Roadmap	NA	NA	NA	1	NA	NA	NA	NA	NA	NA	ENCFF452MBM	749639850	ENCODE Processing Pipeline	495bde07bc63567e390fdfd92c0f160a	NA	https://www.encodeproject.org/files/ENCFF667XLE/@@download/ENCFF667XLE.bigWig	hg19	NA	NA	NA	archived	s3://encode-public/2017/10/06/4b90ae10-308c-4bd0-ab70-4b044500b2ac/ENCFF667XLE.bigWig		sequencing runs labeled as technical replicates, NTR biosample, mismatched status		NA
ENCFF201IYJ	bigWig	read-depth normalized signal	ENCSR468ZXN	DNase-seq	CL:0001059	common myeloid progenitor, CD34-positive	primary cell	Homo sapiens							NA			NA	DNA	NA	see document		NA	False	2013-07-31	Roadmap	NA	NA	NA	1	NA	NA	NA	NA	NA	NA	ENCFF352KRQ	739375001	ENCODE Processing Pipeline	84828da81b209087c53ead04c0e834ed	NA	https://www.encodeproject.org/files/ENCFF201IYJ/@@download/ENCFF201IYJ.bigWig	hg19	NA	NA	NA	released	s3://encode-public/2017/12/01/9049a9a6-5b2c-49e5-8526-8064c15b89cc/ENCFF201IYJ.bigWig		sequencing runs labeled as technical replicates		NA
ENCFF747DDA	bigWig	read-depth normalized signal	ENCSR020LUD	DNase-seq	CL:0000625	CD8-positive, alpha-beta T cell	primary cell	Homo sapiens							NA			NA	DNA	NA	see document		NA	False	2013-07-31	Roadmap	NA	NA	NA	1	NA	NA	NA	NA	NA	NA	ENCFF494EYX	761650614	ENCODE Processing Pipeline	d6f23c5093823983c8813f5f24a0f827	NA	https://www.encodeproject.org/files/ENCFF747DDA/@@download/ENCFF747DDA.bigWig	hg19	NA	NA	NA	released	s3://encode-public/2017/12/06/de9583a9-72d5-43df-85a0-48a87b4921ac/ENCFF747DDA.bigWig	mixed read lengths	sequencing runs labeled as technical replicates		NA
ENCFF355OPU	bigWig	read-depth normalized signal	ENCSR153LHP	DNase-seq	CL:1001608	foreskin fibroblast	primary cell	Homo sapiens							NA			NA	DNA	NA	see document		NA	False	2013-07-31	Roadmap	NA	NA	NA	1	NA	NA	NA	NA	NA	NA	ENCFF884YLK	752980469	ENCODE Processing Pipeline	175c04adc9d121b08b7380fd2525040a	NA	https://www.encodeproject.org/files/ENCFF355OPU/@@download/ENCFF355OPU.bigWig	hg19	NA	NA	NA	released	s3://encode-public/2018/05/07/7cd463ca-8e0a-475f-84d6-9c8156fa1a44/ENCFF355OPU.bigWig				NA
ENCFF285GEW	bigWig	read-depth normalized signal	ENCSR434OBM	DNase-seq	CL:2000045	foreskin melanocyte	primary cell	Homo sapiens							NA			NA	DNA	NA	see document		NA	False	2013-07-31	Roadmap	NA	NA	NA	1	NA	NA	NA	NA	NA	NA	ENCFF225SNR	747735522	ENCODE Processing Pipeline	ca227be7ff38f86891ca3ec8fc2dd9c7	NA	https://www.encodeproject.org/files/ENCFF285GEW/@@download/ENCFF285GEW.bigWig	hg19	NA	NA	NA	released	s3://encode-public/2017/10/03/ad154803-b025-4344-b332-a6fbd753aed4/ENCFF285GEW.bigWig		sequencing runs labeled as technical replicates		NA
ENCFF398USK	bigWig	read-depth normalized signal	ENCSR000EPK	DNase-seq	CL:0001054	CD14-positive monocyte	primary cell	Homo sapiens							NA			NA	DNA	NA	see document	see document	NA	False	2011-10-19	ENCODE	NA	NA	NA	2	NA	NA	NA	NA	NA	NA	ENCFF227VKS	643453886	ENCODE Processing Pipeline	7c61c185ea23189f25dee00b55b84a16	NA	https://www.encodeproject.org/files/ENCFF398USK/@@download/ENCFF398USK.bigWig	hg19	NA	NA	NA	released	s3://encode-public/2017/09/27/396e4e52-9968-47fe-b42a-c1a84cf2e756/ENCFF398USK.bigWig				NA
ENCFF833BJY	bigWig	read-depth normalized signal	ENCSR281HBB	DNase-seq	CL:0001059	common myeloid progenitor, CD34-positive	primary cell	Homo sapiens							NA			NA	DNA	NA	see document		NA	False	2013-07-31	Roadmap	NA	NA	NA	1	NA	NA	NA	NA	NA	NA	ENCFF549MOI	589088746	ENCODE Processing Pipeline	b18bef50fab318f21d64f081dd76b355	NA	https://www.encodeproject.org/files/ENCFF833BJY/@@download/ENCFF833BJY.bigWig	hg19	NA	NA	NA	released	s3://encode-public/2017/09/19/0658e4e9-9026-45d4-8020-ef04f021d206/ENCFF833BJY.bigWig	low spot score, low read depth			NA
ENCFF715MKG	bigWig	read-depth normalized signal	ENCSR000EMH	DNase-seq	CL:0010001	stromal cell of bone marrow	primary cell	Homo sapiens							NA			NA	DNA	NA	see document	see document	NA	False	2012-07-23	ENCODE	NA	NA	NA	1	NA	NA	NA	NA	NA	NA	ENCFF323PMM	550579933	ENCODE Processing Pipeline	9c7ec87b56cddd10ade1af325cc17f3e	NA	https://www.encodeproject.org/files/ENCFF715MKG/@@download/ENCFF715MKG.bigWig	hg19	NA	NA	NA	released	s3://encode-public/2017/09/05/5d070c6b-b043-41d4-b0ac-c4e7f2da8b38/ENCFF715MKG.bigWig	low read depth			NA
ENCFF699DWD	bigWig	read-depth normalized signal	ENCSR000EMH	DNase-seq	CL:0010001	stromal cell of bone marrow	primary cell	Homo sapiens							NA			NA	DNA	NA	see document	see document	NA	False	2012-07-23	ENCODE	NA	NA	NA	2	NA	NA	NA	NA	NA	NA	ENCFF278QAL	538576572	ENCODE Processing Pipeline	72ee75148a39c3c4a9e2f1c72b0fbc9d	NA	https://www.encodeproject.org/files/ENCFF699DWD/@@download/ENCFF699DWD.bigWig	hg19	NA	NA	NA	released	s3://encode-public/2017/09/05/0ef86046-ebf1-4099-9042-959ec5a16496/ENCFF699DWD.bigWig	low read depth			NA
ENCFF544OID	bigWig	read-depth normalized signal	ENCSR723JLG	DNase-seq	CL:0000623	natural killer cell	primary cell	Homo sapiens							NA			NA	DNA	NA	see document		NA	False	2013-07-31	Roadmap	NA	NA	NA	1	NA	NA	NA	NA	NA	NA	ENCFF376UNW	603477793	ENCODE Processing Pipeline	f3d7350ba747094cc1a2ae2dcb2cf510	NA	https://www.encodeproject.org/files/ENCFF544OID/@@download/ENCFF544OID.bigWig	hg19	NA	NA	NA	released	s3://encode-public/2017/09/19/3f9fb698-4971-4718-8c06-ddb2e83b99e4/ENCFF544OID.bigWig	low spot score, low read depth			NA
ENCFF299BTL	bigWig	read-depth normalized signal	ENCSR247IUJ	DNase-seq	CL:0000236	B cell	primary cell	Homo sapiens							NA			NA	DNA	NA	see document		NA	False	2013-07-31	Roadmap	NA	NA	NA	1	NA	NA	NA	NA	NA	NA	ENCFF203BEH	574871609	ENCODE Processing Pipeline	17ea53931110bcab4ab3eebe6ca7ece9	NA	https://www.encodeproject.org/files/ENCFF299BTL/@@download/ENCFF299BTL.bigWig	hg19	NA	NA	NA	released	s3://encode-public/2017/09/19/5313b9cf-1e38-4208-8dd2-04ffa6bbdd5d/ENCFF299BTL.bigWig	low spot score, low read depth			NA
ENCFF504PGZ	bigWig	read-depth normalized signal	ENCSR184LMY	DNase-seq	NTR:0000527	fibroblast of skin of back	primary cell	Homo sapiens							NA			NA	DNA	NA	see document		NA	False	2013-07-31	Roadmap	NA	NA	NA	1	NA	NA	NA	NA	NA	NA	ENCFF646XPO	555938300	ENCODE Processing Pipeline	4050b345f1ec3b89af4ef38378f64b67	NA	https://www.encodeproject.org/files/ENCFF504PGZ/@@download/ENCFF504PGZ.bigWig	hg19	NA	NA	NA	archived	s3://encode-public/2017/09/19/2f061c1e-7dea-40a2-b09b-3d97e4eb423a/ENCFF504PGZ.bigWig		sequencing runs labeled as technical replicates, NTR biosample, mismatched status		NA
ENCFF597YXQ	bigWig	read-depth normalized signal	ENCSR035RVH	DNase-seq	CL:1001606	foreskin keratinocyte	primary cell	Homo sapiens							NA			NA	DNA	NA	see document		NA	False	2013-07-31	Roadmap	NA	NA	NA	1	NA	NA	NA	NA	NA	NA	ENCFF739QCZ	746577693	ENCODE Processing Pipeline	0c2829b49057e363e77c6930836bcbc3	NA	https://www.encodeproject.org/files/ENCFF597YXQ/@@download/ENCFF597YXQ.bigWig	hg19	NA	NA	NA	released	s3://encode-public/2018/05/07/cefc367e-b90e-48c3-b236-d33c95e7603e/ENCFF597YXQ.bigWig		sequencing runs labeled as technical replicates		NA
ENCFF278EJY	bigWig	read-depth normalized signal	ENCSR000ENK	DNase-seq	CL:0002550	fibroblast of the conjunctiva	primary cell	Homo sapiens							NA			NA	DNA	NA	see document	see document	NA	False	2010-12-16	ENCODE	NA	NA	NA	1	NA	NA	NA	NA	NA	NA	ENCFF591FZQ	577066277	ENCODE Processing Pipeline	7b40bcd99a14215c566bddd697190c91	NA	https://www.encodeproject.org/files/ENCFF278EJY/@@download/ENCFF278EJY.bigWig	hg19	NA	NA	NA	released	s3://encode-public/2017/09/06/5defa346-2a70-4819-9931-365f0262e8d2/ENCFF278EJY.bigWig	low read depth			NA
ENCFF726MUD	bigWig	read-depth normalized signal	ENCSR000ENK	DNase-seq	CL:0002550	fibroblast of the conjunctiva	primary cell	Homo sapiens							NA			NA	DNA	NA	see document	see document	NA	False	2010-12-16	ENCODE	NA	NA	NA	2	NA	NA	NA	NA	NA	NA	ENCFF995NID	592353386	ENCODE Processing Pipeline	7174020a2b786337a2b61c05997a7ce4	NA	https://www.encodeproject.org/files/ENCFF726MUD/@@download/ENCFF726MUD.bigWig	hg19	NA	NA	NA	released	s3://encode-public/2017/09/06/191d8ffd-1349-4f15-acce-54b533c79a4b/ENCFF726MUD.bigWig	low read depth			NA
ENCFF670POS	bigWig	read-depth normalized signal	ENCSR670VQZ	DNase-seq	NTR:0000526	fibroblast of skin of upper back	primary cell	Homo sapiens							NA			NA	DNA	NA	see document		NA	False	2013-07-31	Roadmap	NA	NA	NA	1	NA	NA	NA	NA	NA	NA	ENCFF825MKL	561418049	ENCODE Processing Pipeline	fd723078b912727b0d95916b69c64fe3	NA	https://www.encodeproject.org/files/ENCFF670POS/@@download/ENCFF670POS.bigWig	hg19	NA	NA	NA	released	s3://encode-public/2017/09/19/172bd286-ad5b-4203-a465-00a2ea53cd41/ENCFF670POS.bigWig	low read depth	mismatched status, NTR biosample		NA
ENCFF073ILZ	bigWig	read-depth normalized signal	ENCSR555TFE	DNase-seq	NTR:0000522	fibroblast of skin of left quadriceps	primary cell	Homo sapiens							NA			NA	DNA	NA	see document		NA	False	2013-07-31	Roadmap	NA	NA	NA	1	NA	NA	NA	NA	NA	NA	ENCFF472PEM	571426438	ENCODE Processing Pipeline	f263b5c2ec72bdecac650ab272ac327d	NA	https://www.encodeproject.org/files/ENCFF073ILZ/@@download/ENCFF073ILZ.bigWig	hg19	NA	NA	NA	released	s3://encode-public/2017/09/19/5c0f6cd3-853f-4315-80bc-86e69ee0b233/ENCFF073ILZ.bigWig	low read depth	mismatched status, NTR biosample		NA
ENCFF845ZYQ	bigWig	read-depth normalized signal	ENCSR643GHI	DNase-seq	CL:0000624	CD4-positive, alpha-beta T cell	primary cell	Homo sapiens							NA			NA	DNA	NA	see document		NA	False	2013-07-31	Roadmap	NA	NA	NA	1	NA	NA	NA	NA	NA	NA	ENCFF938VVP	586874699	ENCODE Processing Pipeline	29b01ce4b47c0d937d4be2e66276c210	NA	https://www.encodeproject.org/files/ENCFF845ZYQ/@@download/ENCFF845ZYQ.bigWig	hg19	NA	NA	NA	released	s3://encode-public/2017/09/19/077a21a8-5f83-4640-93fb-e2463ee5cfda/ENCFF845ZYQ.bigWig	low read depth			NA
ENCFF357RHO	bigWig	read-depth normalized signal	ENCSR167JFX	DNase-seq	CL:0000624	CD4-positive, alpha-beta T cell	primary cell	Homo sapiens							NA			NA	DNA	NA	see document		NA	False	2013-07-31	Roadmap	NA	NA	NA	1	NA	NA	NA	NA	NA	NA	ENCFF162GBJ	792217766	ENCODE Processing Pipeline	3690ae8aa2b1a9b53c21623dc03408e7	NA	https://www.encodeproject.org/files/ENCFF357RHO/@@download/ENCFF357RHO.bigWig	hg19	NA	NA	NA	released	s3://encode-public/2017/12/08/a167b803-f931-40c5-b6b0-38df5f6aaeb2/ENCFF357RHO.bigWig	mixed read lengths	sequencing runs labeled as technical replicates		NA
ENCFF738VFM	bigWig	read-depth normalized signal	ENCSR000EQG	DNase-seq	CL:0000546	T-helper 2 cell	primary cell	Homo sapiens							NA			NA	DNA	NA	see document	see document	NA	False	2012-07-23	ENCODE	NA	NA	NA	1	NA	NA	NA	NA	NA	NA	ENCFF417KFG	532867920	ENCODE Processing Pipeline	d610f1e713e5cb9eb333c729ca66d67f	NA	https://www.encodeproject.org/files/ENCFF738VFM/@@download/ENCFF738VFM.bigWig	hg19	NA	NA	NA	released	s3://encode-public/2017/10/10/9903f599-967e-4031-884a-79398b48906c/ENCFF738VFM.bigWig	low read depth	sequencing runs labeled as technical replicates		NA
ENCFF405EJV	bigWig	read-depth normalized signal	ENCSR000EQG	DNase-seq	CL:0000546	T-helper 2 cell	primary cell	Homo sapiens							NA			NA	DNA	NA	see document	see document	NA	False	2012-07-23	ENCODE	NA	NA	NA	2	NA	NA	NA	NA	NA	NA	ENCFF300BLH	765391085	ENCODE Processing Pipeline	d3917596ad9d99d4c19ab929f1b86e26	NA	https://www.encodeproject.org/files/ENCFF405EJV/@@download/ENCFF405EJV.bigWig	hg19	NA	NA	NA	released	s3://encode-public/2017/10/10/9bc32006-6239-4cf2-ad4d-f1d3804a5088/ENCFF405EJV.bigWig	low read depth	sequencing runs labeled as technical replicates		NA
ENCFF276GYL	bigWig	read-depth normalized signal	ENCSR000ENY	DNase-seq	CL:2000010	dermis blood vessel endothelial cell	primary cell	Homo sapiens							NA			NA	DNA	NA	see document	see document	NA	False	2010-12-14	ENCODE	NA	NA	NA	2	NA	NA	NA	NA	NA	NA	ENCFF757POV	569496477	ENCODE Processing Pipeline	73e5a49106d170aea829a3b3403904d4	NA	https://www.encodeproject.org/files/ENCFF276GYL/@@download/ENCFF276GYL.bigWig	hg19	NA	NA	NA	released	s3://encode-public/2017/09/06/4738cf9c-2f7a-472a-abcf-649f4c343620/ENCFF276GYL.bigWig	low read depth			NA
ENCFF743TGR	bigWig	read-depth normalized signal	ENCSR000ENY	DNase-seq	CL:2000010	dermis blood vessel endothelial cell	primary cell	Homo sapiens							NA			NA	DNA	NA	see document	see document	NA	False	2010-12-14	ENCODE	NA	NA	NA	1	NA	NA	NA	NA	NA	NA	ENCFF975OBP	702333353	ENCODE Processing Pipeline	13dcc65addd24cad8fc54a80adb7b7a2	NA	https://www.encodeproject.org/files/ENCFF743TGR/@@download/ENCFF743TGR.bigWig	hg19	NA	NA	NA	released	s3://encode-public/2017/09/06/45e5ed77-4a26-499b-b830-2780cac4eae0/ENCFF743TGR.bigWig	low read depth			NA
ENCFF472QRS	bigWig	read-depth normalized signal	ENCSR628IRM	DNase-seq	CL:0000084	T-cell	primary cell	Homo sapiens							NA			NA	DNA	NA	see document		NA	False	2013-07-31	Roadmap	NA	NA	NA	1	NA	NA	NA	NA	NA	NA	ENCFF801XJB	747659516	ENCODE Processing Pipeline	3cdbc5fa19d658fc18f981e1f2d9eb74	NA	https://www.encodeproject.org/files/ENCFF472QRS/@@download/ENCFF472QRS.bigWig	hg19	NA	NA	NA	released	s3://encode-public/2017/09/20/f847b45d-620e-4c32-8ce0-25420ccd3d8b/ENCFF472QRS.bigWig				NA
ENCFF580NQR	bigWig	read-depth normalized signal	ENCSR000ENT	DNase-seq	CL:0002565	iris pigment epithelial cell	primary cell	Homo sapiens							NA			NA	DNA	NA	see document	see document	NA	False	2011-05-04	ENCODE	NA	NA	NA	1	NA	NA	NA	NA	NA	NA	ENCFF886MDX	727423383	ENCODE Processing Pipeline	d20d6128c3b00b8f6e39ce7edd6482b9	NA	https://www.encodeproject.org/files/ENCFF580NQR/@@download/ENCFF580NQR.bigWig	hg19	NA	NA	NA	released	s3://encode-public/2018/05/07/6324cc32-08e9-4034-8e04-954b8381e358/ENCFF580NQR.bigWig	low read depth			NA
ENCFF602SGT	bigWig	read-depth normalized signal	ENCSR000ENT	DNase-seq	CL:0002565	iris pigment epithelial cell	primary cell	Homo sapiens							NA			NA	DNA	NA	see document	see document	NA	False	2011-05-04	ENCODE	NA	NA	NA	2	NA	NA	NA	NA	NA	NA	ENCFF437DWF	577051009	ENCODE Processing Pipeline	84d3a3a7bf03683ed6651caaaf15f4c5	NA	https://www.encodeproject.org/files/ENCFF602SGT/@@download/ENCFF602SGT.bigWig	hg19	NA	NA	NA	released	s3://encode-public/2018/05/07/e6c4b312-e3e5-4de3-863c-30afb6d2e55b/ENCFF602SGT.bigWig	low read depth			NA
ENCFF342RCE	bigWig	read-depth normalized signal	ENCSR316UDN	DNase-seq	CL:0000625	CD8-positive, alpha-beta T cell	primary cell	Homo sapiens							NA			NA	DNA	NA	see document		NA	False	2013-07-31	Roadmap	NA	NA	NA	1	NA	NA	NA	NA	NA	NA	ENCFF154RQQ	764102608	ENCODE Processing Pipeline	cfc278b8e70906d70576786d2324f1a2	NA	https://www.encodeproject.org/files/ENCFF342RCE/@@download/ENCFF342RCE.bigWig	hg19	NA	NA	NA	released	s3://encode-public/2017/12/04/8c3e9fa8-5e69-4383-8fab-bb502bdce72c/ENCFF342RCE.bigWig		sequencing runs labeled as technical replicates		NA
ENCFF180FWG	bigWig	read-depth normalized signal	ENCSR373BIX	DNase-seq	CL:0002399	CD1c-positive myeloid dendritic cell	primary cell	Homo sapiens							NA			NA	DNA	NA			NA	False	2016-05-11	ENCODE	NA	NA	NA	2	NA	NA	NA	NA	NA	NA	ENCFF361MMB	735078170	ENCODE Processing Pipeline	48887ba9f26afbdbb0f4a464ba83e2fe	NA	https://www.encodeproject.org/files/ENCFF180FWG/@@download/ENCFF180FWG.bigWig	hg19	NA	NA	NA	released	s3://encode-public/2017/09/10/24b0ad35-e43e-4540-a1b6-29e906940002/ENCFF180FWG.bigWig	low spot score			NA
ENCFF021CMA	bigWig	read-depth normalized signal	ENCSR373BIX	DNase-seq	CL:0002399	CD1c-positive myeloid dendritic cell	primary cell	Homo sapiens							NA			NA	DNA	NA			NA	False	2016-05-11	ENCODE	NA	NA	NA	1	NA	NA	NA	NA	NA	NA	ENCFF415YUR	792327435	ENCODE Processing Pipeline	6acf52a1ed31e8084865f8946abbeebc	NA	https://www.encodeproject.org/files/ENCFF021CMA/@@download/ENCFF021CMA.bigWig	hg19	NA	NA	NA	released	s3://encode-public/2017/09/10/2c05fca9-bb00-433d-8f88-3d1f7148dc4f/ENCFF021CMA.bigWig	low spot score			NA
ENCFF384KQL	bigWig	read-depth normalized signal	ENCSR453EVC	DNase-seq	CL:0001059	common myeloid progenitor, CD34-positive	primary cell	Homo sapiens							NA			NA	DNA	NA	see document		NA	False	2013-07-31	Roadmap	NA	NA	NA	1	NA	NA	NA	NA	NA	NA	ENCFF800ZLW	576921923	ENCODE Processing Pipeline	dcbec330d9c56ad8192fb5d0a4d87b30	NA	https://www.encodeproject.org/files/ENCFF384KQL/@@download/ENCFF384KQL.bigWig	hg19	NA	NA	NA	released	s3://encode-public/2017/09/19/44143010-722b-4df0-8b43-ec113b2e638a/ENCFF384KQL.bigWig	low read depth			NA
ENCFF828TMG	bigWig	read-depth normalized signal	ENCSR724CND	DNase-seq	CL:1001606	foreskin keratinocyte	primary cell	Homo sapiens							NA			NA	DNA	NA	see document		NA	False	2013-07-31	Roadmap	NA	NA	NA	1	NA	NA	NA	NA	NA	NA	ENCFF527YHK	630103936	ENCODE Processing Pipeline	1583debbac055a236f56351306a4f490	NA	https://www.encodeproject.org/files/ENCFF828TMG/@@download/ENCFF828TMG.bigWig	hg19	NA	NA	NA	released	s3://encode-public/2017/10/03/073ffc2d-00bb-402d-af60-61583e089643/ENCFF828TMG.bigWig				NA
ENCFF128BPC	bigWig	read-depth normalized signal	ENCSR000EON	DNase-seq	CL:0002586	retinal pigment epithelial cell	primary cell	Homo sapiens							NA			NA	DNA	NA	see document	see document	NA	False	2010-12-16	ENCODE	NA	NA	NA	1	NA	NA	NA	NA	NA	NA	ENCFF677QMN	539439330	ENCODE Processing Pipeline	84393080f2d160475cb1e193c8b510d9	NA	https://www.encodeproject.org/files/ENCFF128BPC/@@download/ENCFF128BPC.bigWig	hg19	NA	NA	NA	released	s3://encode-public/2017/09/05/9b997843-295a-4d10-bad0-8d84ea4f6728/ENCFF128BPC.bigWig	low read depth			NA
ENCFF413BQN	bigWig	read-depth normalized signal	ENCSR000EON	DNase-seq	CL:0002586	retinal pigment epithelial cell	primary cell	Homo sapiens							NA			NA	DNA	NA	see document	see document	NA	False	2010-12-16	ENCODE	NA	NA	NA	2	NA	NA	NA	NA	NA	NA	ENCFF671BQX	552450601	ENCODE Processing Pipeline	a382f64bac8c7abae53d4fbb3561235b	NA	https://www.encodeproject.org/files/ENCFF413BQN/@@download/ENCFF413BQN.bigWig	hg19	NA	NA	NA	released	s3://encode-public/2017/09/05/6635c4de-ec63-4210-9b61-be30538dc8b7/ENCFF413BQN.bigWig	low read depth			NA
ENCFF237KOS	bigWig	read-depth normalized signal	ENCSR000EOC	DNase-seq	CL:2000010	dermis blood vessel endothelial cell	primary cell	Homo sapiens							NA			NA	DNA	NA	see document	see document	NA	False	2010-12-16	ENCODE	NA	NA	NA	1	NA	NA	NA	NA	NA	NA	ENCFF037YBO	553088864	ENCODE Processing Pipeline	63e27b636cdcd8bf1521745911d0169e	NA	https://www.encodeproject.org/files/ENCFF237KOS/@@download/ENCFF237KOS.bigWig	hg19	NA	NA	NA	released	s3://encode-public/2017/09/05/96673b05-9a54-4aa4-9e41-93a3356c07c7/ENCFF237KOS.bigWig	low read depth			NA
ENCFF241CYT	bigWig	read-depth normalized signal	ENCSR000EOC	DNase-seq	CL:2000010	dermis blood vessel endothelial cell	primary cell	Homo sapiens							NA			NA	DNA	NA	see document	see document	NA	False	2010-12-16	ENCODE	NA	NA	NA	2	NA	NA	NA	NA	NA	NA	ENCFF696RBI	590304804	ENCODE Processing Pipeline	b059ea57ed101edc709cfcec45763a1a	NA	https://www.encodeproject.org/files/ENCFF241CYT/@@download/ENCFF241CYT.bigWig	hg19	NA	NA	NA	released	s3://encode-public/2017/09/05/272da013-35ee-4c75-ba75-110fb96e78f6/ENCFF241CYT.bigWig	low read depth			NA
ENCFF448RXA	bigWig	read-depth normalized signal	ENCSR704HNG	DNase-seq	CL:0000623	natural killer cell	primary cell	Homo sapiens							NA			NA	DNA	NA	see document		NA	False	2013-07-31	Roadmap	NA	NA	NA	1	NA	NA	NA	NA	NA	NA	ENCFF688JIJ	799017241	ENCODE Processing Pipeline	c54813c8d4e2ed4ae8b8725a14c4cc50	NA	https://www.encodeproject.org/files/ENCFF448RXA/@@download/ENCFF448RXA.bigWig	hg19	NA	NA	NA	released	s3://encode-public/2017/12/08/8fd9ffd1-df44-42c0-a578-73bb94cc1cf7/ENCFF448RXA.bigWig	mixed read lengths	sequencing runs labeled as technical replicates		NA
ENCFF269AKZ	bigWig	read-depth normalized signal	ENCSR000ELD	DNase-seq	CL:2000000	epidermal melanocyte	primary cell	Homo sapiens							NA			NA	DNA	NA	see document	see document	NA	False	2011-04-19	ENCODE	NA	NA	NA	1	NA	NA	NA	NA	NA	NA	ENCFF874GEN	687010917	ENCODE Processing Pipeline	6bf18064fd9cf71d9233e8d2296125b8	NA	https://www.encodeproject.org/files/ENCFF269AKZ/@@download/ENCFF269AKZ.bigWig	hg19	NA	NA	NA	released	s3://encode-public/2017/10/05/71358187-47dc-45e5-8410-51b2361e59fa/ENCFF269AKZ.bigWig	low spot score		insufficient read length	NA
ENCFF373ATD	bigWig	read-depth normalized signal	ENCSR000ENI	DNase-seq	CL:0002548	cardiac fibroblast	primary cell	Homo sapiens							NA			NA	DNA	NA	see document	see document	NA	False	2010-12-16	ENCODE	NA	NA	NA	2	NA	NA	NA	NA	NA	NA	ENCFF446GVL	580902719	ENCODE Processing Pipeline	36d7739847c1c6f7f85907bd7645f742	NA	https://www.encodeproject.org/files/ENCFF373ATD/@@download/ENCFF373ATD.bigWig	hg19	NA	NA	NA	released	s3://encode-public/2017/12/01/32213687-8d01-4e29-b660-40a1f5cfe92c/ENCFF373ATD.bigWig	low read depth	sequencing runs labeled as technical replicates		NA
ENCFF588JMO	bigWig	read-depth normalized signal	ENCSR000ENI	DNase-seq	CL:0002548	cardiac fibroblast	primary cell	Homo sapiens							NA			NA	DNA	NA	see document	see document	NA	False	2010-12-16	ENCODE	NA	NA	NA	1	NA	NA	NA	NA	NA	NA	ENCFF928KGL	759492378	ENCODE Processing Pipeline	df427547e8c7a875e43cba1762799d3e	NA	https://www.encodeproject.org/files/ENCFF588JMO/@@download/ENCFF588JMO.bigWig	hg19	NA	NA	NA	released	s3://encode-public/2017/12/01/231b0a2b-6afc-4ebd-bc67-34784b2a44fc/ENCFF588JMO.bigWig	low read depth	sequencing runs labeled as technical replicates		NA
ENCFF449FDG	bigWig	read-depth normalized signal	ENCSR770DEN	DNase-seq	NTR:0000524	fibroblast of skin of scalp	primary cell	Homo sapiens							NA			NA	DNA	NA	see document		NA	False	2013-07-31	Roadmap	NA	NA	NA	1	NA	NA	NA	NA	NA	NA	ENCFF809TXU	723430346	ENCODE Processing Pipeline	e440d1fd78b15a1416ddb0d3724ee630	NA	https://www.encodeproject.org/files/ENCFF449FDG/@@download/ENCFF449FDG.bigWig	hg19	NA	NA	NA	released	s3://encode-public/2017/10/06/17a215e4-a083-4e0c-a7ca-ae18c64408ff/ENCFF449FDG.bigWig		sequencing runs labeled as technical replicates, NTR biosample, mismatched status		NA
ENCFF063OUM	bigWig	read-depth normalized signal	ENCSR891VOV	DNase-seq	CL:0000236	B cell	primary cell	Homo sapiens							NA			NA	DNA	NA	see document		NA	False	2013-07-31	Roadmap	NA	NA	NA	1	NA	NA	NA	NA	NA	NA	ENCFF469VSO	560174639	ENCODE Processing Pipeline	ef0b0efdfc27f9636249889c3bee5d48	NA	https://www.encodeproject.org/files/ENCFF063OUM/@@download/ENCFF063OUM.bigWig	hg19	NA	NA	NA	released	s3://encode-public/2017/09/19/69c8f0eb-794b-4969-a10b-82968a2722a0/ENCFF063OUM.bigWig	low read depth			NA
ENCFF400ROT	bigWig	read-depth normalized signal	ENCSR000EOE	DNase-seq	CL:2000016	lung microvascular endothelial cell	primary cell	Homo sapiens							NA			NA	DNA	NA	see document	see document	NA	False	2010-12-16	ENCODE	NA	NA	NA	1	NA	NA	NA	NA	NA	NA	ENCFF858RRY	742006850	ENCODE Processing Pipeline	6a6e1f2748f9d6681ca2e85df03a090f	NA	https://www.encodeproject.org/files/ENCFF400ROT/@@download/ENCFF400ROT.bigWig	hg19	NA	NA	NA	released	s3://encode-public/2018/05/07/4029198c-cca9-4dd8-90d6-29072fdaeeeb/ENCFF400ROT.bigWig	low read depth			NA
ENCFF735CIE	bigWig	read-depth normalized signal	ENCSR000EOE	DNase-seq	CL:2000016	lung microvascular endothelial cell	primary cell	Homo sapiens							NA			NA	DNA	NA	see document	see document	NA	False	2010-12-16	ENCODE	NA	NA	NA	2	NA	NA	NA	NA	NA	NA	ENCFF806ZWR	566408213	ENCODE Processing Pipeline	75137d374f5ab13bee2b666968adb22f	NA	https://www.encodeproject.org/files/ENCFF735CIE/@@download/ENCFF735CIE.bigWig	hg19	NA	NA	NA	released	s3://encode-public/2018/05/07/b12df5fb-9bb4-464b-9ae1-8ee2a4e2b1f3/ENCFF735CIE.bigWig	low read depth			NA
ENCFF313IMD	bigWig	read-depth normalized signal	ENCSR000EQH	DNase-seq	CL:0000546	T-helper 2 cell	primary cell	Homo sapiens							NA			NA	DNA	NA	see document	see document	NA	False	2012-07-23	ENCODE	NA	NA	NA	1	NA	NA	NA	NA	NA	NA	ENCFF250MLT	586888907	ENCODE Processing Pipeline	dce33ab82f25983ef719543f9d9bace8	NA	https://www.encodeproject.org/files/ENCFF313IMD/@@download/ENCFF313IMD.bigWig	hg19	NA	NA	NA	released	s3://encode-public/2017/09/05/f6161556-f85a-4bd1-89a9-6f678af8abb7/ENCFF313IMD.bigWig	low spot score, low read depth			NA
ENCFF923ITQ	bigWig	read-depth normalized signal	ENCSR000EOD	DNase-seq	CL:2000016	lung microvascular endothelial cell	primary cell	Homo sapiens							NA			NA	DNA	NA	see document	see document	NA	False	2010-12-16	ENCODE	NA	NA	NA	1	NA	NA	NA	NA	NA	NA	ENCFF051GGW	784539686	ENCODE Processing Pipeline	0a4858e62319c11f46cf6be284184fba	NA	https://www.encodeproject.org/files/ENCFF923ITQ/@@download/ENCFF923ITQ.bigWig	hg19	NA	NA	NA	released	s3://encode-public/2017/12/01/edee07ce-ab14-4c4d-99a3-59e0483eb5ab/ENCFF923ITQ.bigWig	low read depth	sequencing runs labeled as technical replicates		NA
ENCFF731ICV	bigWig	read-depth normalized signal	ENCSR000EOD	DNase-seq	CL:2000016	lung microvascular endothelial cell	primary cell	Homo sapiens							NA			NA	DNA	NA	see document	see document	NA	False	2010-12-16	ENCODE	NA	NA	NA	2	NA	NA	NA	NA	NA	NA	ENCFF387AGW	601977318	ENCODE Processing Pipeline	517a60d61195f83a344924789002b2b8	NA	https://www.encodeproject.org/files/ENCFF731ICV/@@download/ENCFF731ICV.bigWig	hg19	NA	NA	NA	released	s3://encode-public/2017/12/01/afbcd742-90f6-4b4d-a4a0-46e2ad2a4abb/ENCFF731ICV.bigWig	low read depth	sequencing runs labeled as technical replicates		NA
ENCFF473LRZ	bigWig	read-depth normalized signal	ENCSR000EOI	DNase-seq	CL:2000017	fibroblast of peridontal ligament	primary cell	Homo sapiens							NA			NA	DNA	NA	see document	see document	NA	False	2010-12-16	ENCODE	NA	NA	NA	1	NA	NA	NA	NA	NA	NA	ENCFF741WOF	732726420	ENCODE Processing Pipeline	871b8408f178bb40e83f0e9208156911	NA	https://www.encodeproject.org/files/ENCFF473LRZ/@@download/ENCFF473LRZ.bigWig	hg19	NA	NA	NA	released	s3://encode-public/2017/09/06/ef787725-7061-482e-8ec6-41192a1748ea/ENCFF473LRZ.bigWig	low read depth			NA
ENCFF090XCL	bigWig	read-depth normalized signal	ENCSR000EOI	DNase-seq	CL:2000017	fibroblast of peridontal ligament	primary cell	Homo sapiens							NA			NA	DNA	NA	see document	see document	NA	False	2010-12-16	ENCODE	NA	NA	NA	2	NA	NA	NA	NA	NA	NA	ENCFF473DPQ	533861768	ENCODE Processing Pipeline	e360f318a52e0da12cf9ba9406b5b951	NA	https://www.encodeproject.org/files/ENCFF090XCL/@@download/ENCFF090XCL.bigWig	hg19	NA	NA	NA	released	s3://encode-public/2017/09/06/7c5ee89e-6013-48a3-96d1-4d97327ad868/ENCFF090XCL.bigWig	low read depth			NA
ENCFF957JVD	bigWig	read-depth normalized signal	ENCSR562ACY	DNase-seq	NTR:0000521	fibroblast of skin of left biceps	primary cell	Homo sapiens							NA			NA	DNA	NA	see document		NA	False	2013-07-31	Roadmap	NA	NA	NA	1	NA	NA	NA	NA	NA	NA	ENCFF621AGS	566568215	ENCODE Processing Pipeline	023228c46dfc535a2251b44b3502df3d	NA	https://www.encodeproject.org/files/ENCFF957JVD/@@download/ENCFF957JVD.bigWig	hg19	NA	NA	NA	released	s3://encode-public/2017/09/19/3414f456-fd90-4b34-a23e-1a55f8c12513/ENCFF957JVD.bigWig	low read depth	mismatched status, NTR biosample		NA
ENCFF558WYV	bigWig	read-depth normalized signal	ENCSR000ENS	DNase-seq	CL:0002552	fibroblast of gingiva	primary cell	Homo sapiens							NA			NA	DNA	NA	see document	see document	NA	False	2011-05-04	ENCODE	NA	NA	NA	1	NA	NA	NA	NA	NA	NA	ENCFF578KIS	795737073	ENCODE Processing Pipeline	e8a7697335e0de1d0cf0f8eeec7603a0	NA	https://www.encodeproject.org/files/ENCFF558WYV/@@download/ENCFF558WYV.bigWig	hg19	NA	NA	NA	released	s3://encode-public/2017/12/03/55fdbc8b-2252-4e6d-9f25-6cb04bd7a207/ENCFF558WYV.bigWig	low read depth	sequencing runs labeled as technical replicates		NA
ENCFF451ABU	bigWig	read-depth normalized signal	ENCSR000ENS	DNase-seq	CL:0002552	fibroblast of gingiva	primary cell	Homo sapiens							NA			NA	DNA	NA	see document	see document	NA	False	2011-05-04	ENCODE	NA	NA	NA	2	NA	NA	NA	NA	NA	NA	ENCFF418NPG	553251236	ENCODE Processing Pipeline	48b2f608398751c30de701bef658ed05	NA	https://www.encodeproject.org/files/ENCFF451ABU/@@download/ENCFF451ABU.bigWig	hg19	NA	NA	NA	released	s3://encode-public/2017/12/03/e3dc067a-1415-4ac8-bdf9-ba302d476c58/ENCFF451ABU.bigWig	low read depth	sequencing runs labeled as technical replicates		NA
ENCFF212NME	bigWig	read-depth normalized signal	ENCSR000ENF	DNase-seq	CL:2000043	brain pericyte	primary cell	Homo sapiens							NA			NA	DNA	NA	see document	see document	NA	False	2012-03-06	ENCODE	NA	NA	NA	1	NA	NA	NA	NA	NA	NA	ENCFF122ZAJ	617397861	ENCODE Processing Pipeline	5923ade425528dd107ad419e820409b2	NA	https://www.encodeproject.org/files/ENCFF212NME/@@download/ENCFF212NME.bigWig	hg19	NA	NA	NA	released	s3://encode-public/2017/09/05/21386db8-2772-4b16-aa92-143929d2d9b5/ENCFF212NME.bigWig	low spot score, low read depth			NA
ENCFF704HTQ	bigWig	read-depth normalized signal	ENCSR609DDQ	DNase-seq	CL:0000625	CD8-positive, alpha-beta T cell	primary cell	Homo sapiens							NA			NA	DNA	NA	see document		NA	False	2013-07-31	Roadmap	NA	NA	NA	1	NA	NA	NA	NA	NA	NA	ENCFF736QAD	574932872	ENCODE Processing Pipeline	b2a8a36f7cd0c3bf0887631ed38ffc81	NA	https://www.encodeproject.org/files/ENCFF704HTQ/@@download/ENCFF704HTQ.bigWig	hg19	NA	NA	NA	released	s3://encode-public/2017/09/19/4634679d-6a5d-4ea8-a3f3-6c01920054ee/ENCFF704HTQ.bigWig	low spot score, low read depth			NA
ENCFF788UVR	bigWig	read-depth normalized signal	ENCSR000ENW	DNase-seq	CL:0002555	fibroblast of mammary gland	primary cell	Homo sapiens							NA			NA	DNA	NA	see document	see document	NA	False	2010-12-14	ENCODE	NA	NA	NA	1	NA	NA	NA	NA	NA	NA	ENCFF035OEE	525877632	ENCODE Processing Pipeline	4e673b1d1a98ee199394a9ad323733ba	NA	https://www.encodeproject.org/files/ENCFF788UVR/@@download/ENCFF788UVR.bigWig	hg19	NA	NA	NA	released	s3://encode-public/2017/09/06/df9fc96e-bdaa-4b32-8a94-e1e5adaef0c7/ENCFF788UVR.bigWig	low read depth			NA
ENCFF673AID	bigWig	read-depth normalized signal	ENCSR000ENW	DNase-seq	CL:0002555	fibroblast of mammary gland	primary cell	Homo sapiens							NA			NA	DNA	NA	see document	see document	NA	False	2010-12-14	ENCODE	NA	NA	NA	2	NA	NA	NA	NA	NA	NA	ENCFF403LQK	716138654	ENCODE Processing Pipeline	4b2d81e0f864941f0d67ab018e401d1b	NA	https://www.encodeproject.org/files/ENCFF673AID/@@download/ENCFF673AID.bigWig	hg19	NA	NA	NA	released	s3://encode-public/2017/09/06/bb96850e-a8b3-4281-91d4-493aecbe0487/ENCFF673AID.bigWig	low read depth			NA
ENCFF867AXB	bigWig	read-depth normalized signal	ENCSR735BIM	DNase-seq	CL:0001059	common myeloid progenitor, CD34-positive	primary cell	Homo sapiens							NA			NA	DNA	NA	see document		NA	False	2013-07-31	Roadmap	NA	NA	NA	1	NA	NA	NA	NA	NA	NA	ENCFF023XQK	558916930	ENCODE Processing Pipeline	1bad395f2398b016733720f1d55674e3	NA	https://www.encodeproject.org/files/ENCFF867AXB/@@download/ENCFF867AXB.bigWig	hg19	NA	NA	NA	released	s3://encode-public/2017/09/19/fd96d6ca-f39a-4754-a1fd-050fdff27c67/ENCFF867AXB.bigWig	low read depth			NA
ENCFF861JZY	bigWig	read-depth normalized signal	ENCSR674JIL	DNase-seq	CL:0001054	CD14-positive monocyte	primary cell	Homo sapiens							NA			NA	DNA	NA	see document		NA	False	2013-07-31	Roadmap	NA	NA	NA	1	NA	NA	NA	NA	NA	NA	ENCFF418HYD	556394848	ENCODE Processing Pipeline	d278dcd0a4c9e9d0c243f8e70bd811d8	NA	https://www.encodeproject.org/files/ENCFF861JZY/@@download/ENCFF861JZY.bigWig	hg19	NA	NA	NA	released	s3://encode-public/2017/09/19/5ee6a042-803e-45e1-af2b-622a7906ea5c/ENCFF861JZY.bigWig	low read depth			NA
ENCFF237FTN	bigWig	read-depth normalized signal	ENCSR648GDP	DNase-seq	NTR:0000521	fibroblast of skin of left biceps	primary cell	Homo sapiens							NA			NA	DNA	NA	see document		NA	False	2013-07-31	Roadmap	NA	NA	NA	1	NA	NA	NA	NA	NA	NA	ENCFF644WCN	555034138	ENCODE Processing Pipeline	6e53b44dc7aabeb50d4dacfd5b8757a5	NA	https://www.encodeproject.org/files/ENCFF237FTN/@@download/ENCFF237FTN.bigWig	hg19	NA	NA	NA	released	s3://encode-public/2017/09/19/25dccd1b-50f9-4f02-9926-5e58bf1df4d2/ENCFF237FTN.bigWig	low read depth	mismatched status, NTR biosample		NA
ENCFF038UBS	bigWig	read-depth normalized signal	ENCSR000ELJ	DNase-seq	CL:0000062	osteoblast	primary cell	Homo sapiens							NA			NA	DNA	NA	see document	see document	NA	False	2011-04-19	ENCODE	NA	NA	NA	1	NA	NA	NA	NA	NA	NA	ENCFF933ZOD	629129317	ENCODE Processing Pipeline	5f540b846a688d85edb666b0b7780cfd	NA	https://www.encodeproject.org/files/ENCFF038UBS/@@download/ENCFF038UBS.bigWig	hg19	NA	NA	NA	released	s3://encode-public/2017/10/06/f6ee3b70-7669-4a7e-bb6c-7223ff61d006/ENCFF038UBS.bigWig	mixed read lengths		insufficient read length	NA
ENCFF219ZPJ	bigWig	read-depth normalized signal	ENCSR000EPR	DNase-seq	CL:0002553	fibroblast of lung	primary cell	Homo sapiens							NA			NA	DNA	NA	see document	see document	NA	False	2010-12-16	ENCODE	NA	NA	NA	1	NA	NA	NA	NA	NA	NA	ENCFF312WPD	741165693	ENCODE Processing Pipeline	8c178fb34279704ea034cf57120d6b4b	NA	https://www.encodeproject.org/files/ENCFF219ZPJ/@@download/ENCFF219ZPJ.bigWig	hg19	NA	NA	NA	released	s3://encode-public/2018/05/07/e8a460a9-9279-4068-b936-3f132124b333/ENCFF219ZPJ.bigWig	low read depth			NA
ENCFF459QMM	bigWig	read-depth normalized signal	ENCSR000EPR	DNase-seq	CL:0002553	fibroblast of lung	primary cell	Homo sapiens							NA			NA	DNA	NA	see document	see document	NA	False	2010-12-16	ENCODE	NA	NA	NA	2	NA	NA	NA	NA	NA	NA	ENCFF937ITN	562638664	ENCODE Processing Pipeline	44b86cb183146bceca87b533b6df9fbe	NA	https://www.encodeproject.org/files/ENCFF459QMM/@@download/ENCFF459QMM.bigWig	hg19	NA	NA	NA	released	s3://encode-public/2018/05/07/135f226b-b7ed-43f6-8164-2e3148a3ef73/ENCFF459QMM.bigWig	low read depth			NA
ENCFF944XAA	bigWig	read-depth normalized signal	ENCSR320TUJ	DNase-seq	CL:0001059	common myeloid progenitor, CD34-positive	primary cell	Homo sapiens							NA			NA	DNA	NA	see document		NA	False	2013-07-31	Roadmap	NA	NA	NA	1	NA	NA	NA	NA	NA	NA	ENCFF333YDM	574113648	ENCODE Processing Pipeline	3d286a1a2b0938755f51866249f27507	NA	https://www.encodeproject.org/files/ENCFF944XAA/@@download/ENCFF944XAA.bigWig	hg19	NA	NA	NA	released	s3://encode-public/2017/09/19/56d95379-8c1c-45b7-a9ce-083db633b99c/ENCFF944XAA.bigWig	low read depth			NA
ENCFF604MZL	bigWig	read-depth normalized signal	ENCSR000EQE	DNase-seq	CL:0000545	T-helper 1 cell	primary cell	Homo sapiens							NA			NA	DNA	NA	see document	see document	NA	False	2012-07-23	ENCODE	NA	NA	NA	2	NA	NA	NA	NA	NA	NA	ENCFF515JEC	546856704	ENCODE Processing Pipeline	82f94f144a90cafb831f238f96d6dac6	NA	https://www.encodeproject.org/files/ENCFF604MZL/@@download/ENCFF604MZL.bigWig	hg19	NA	NA	NA	released	s3://encode-public/2017/09/05/846792d7-fa7c-47e3-87cc-5c336850accf/ENCFF604MZL.bigWig	low spot score, low read depth			NA
ENCFF425FRE	bigWig	read-depth normalized signal	ENCSR000EQE	DNase-seq	CL:0000545	T-helper 1 cell	primary cell	Homo sapiens							NA			NA	DNA	NA	see document	see document	NA	False	2012-07-23	ENCODE	NA	NA	NA	1	NA	NA	NA	NA	NA	NA	ENCFF217VVC	633899409	ENCODE Processing Pipeline	579880ea417362d4ee793c26e2c91d64	NA	https://www.encodeproject.org/files/ENCFF425FRE/@@download/ENCFF425FRE.bigWig	hg19	NA	NA	NA	released	s3://encode-public/2017/09/05/3e71d4fa-2b06-452c-bc9c-02c90151d482/ENCFF425FRE.bigWig	low spot score, low read depth			NA
ENCFF224UZD	bigWig	read-depth normalized signal	ENCSR000EQI	DNase-seq	CL:0000546	T-helper 2 cell	primary cell	Homo sapiens							NA			NA	DNA	NA	see document	see document	NA	False	2012-07-23	ENCODE	NA	NA	NA	1	NA	NA	NA	NA	NA	NA	ENCFF824UAU	738380806	ENCODE Processing Pipeline	3e082f6c30580aa328322ff17eb19e4e	NA	https://www.encodeproject.org/files/ENCFF224UZD/@@download/ENCFF224UZD.bigWig	hg19	NA	NA	NA	released	s3://encode-public/2017/12/01/baf1fd0e-7085-4aba-95e1-273e6ab2bec2/ENCFF224UZD.bigWig		sequencing runs labeled as technical replicates		NA
ENCFF513EAB	bigWig	read-depth normalized signal	ENCSR683QJJ	DNase-seq	CL:0000624	CD4-positive, alpha-beta T cell	primary cell	Homo sapiens							NA			NA	DNA	NA	see document		NA	False	2013-07-31	Roadmap	NA	NA	NA	1	NA	NA	NA	NA	NA	NA	ENCFF322XDC	759892402	ENCODE Processing Pipeline	05e39088b29b96507831cc210c6a9423	NA	https://www.encodeproject.org/files/ENCFF513EAB/@@download/ENCFF513EAB.bigWig	hg19	NA	NA	NA	released	s3://encode-public/2017/12/03/bf6a6e42-9cba-435a-a34c-281485108c69/ENCFF513EAB.bigWig		sequencing runs labeled as technical replicates		NA
ENCFF590SQU	bigWig	read-depth normalized signal	ENCSR564TUY	DNase-seq	CL:0001059	common myeloid progenitor, CD34-positive	primary cell	Homo sapiens							NA			NA	DNA	NA	see document		NA	False	2013-07-31	Roadmap	NA	NA	NA	1	NA	NA	NA	NA	NA	NA	ENCFF364GVG	597608187	ENCODE Processing Pipeline	f6e7a3e2acd7f5ac6f377e60b3d6415c	NA	https://www.encodeproject.org/files/ENCFF590SQU/@@download/ENCFF590SQU.bigWig	hg19	NA	NA	NA	released	s3://encode-public/2017/09/19/1fdae96d-dd98-4f4f-9427-72f4a7745a07/ENCFF590SQU.bigWig	low read depth			NA
ENCFF026UTG	bigWig	read-depth normalized signal	ENCSR840TVG	DNase-seq	CL:0000625	CD8-positive, alpha-beta T cell	primary cell	Homo sapiens							NA			NA	DNA	NA	see document		NA	False	2013-07-31	Roadmap	NA	NA	NA	1	NA	NA	NA	NA	NA	NA	ENCFF054ZTY	600135940	ENCODE Processing Pipeline	a63c97e0a38fecfd00dd2c06dca12bb4	NA	https://www.encodeproject.org/files/ENCFF026UTG/@@download/ENCFF026UTG.bigWig	hg19	NA	NA	NA	released	s3://encode-public/2017/09/19/0469eb77-aedc-4ac1-a166-bddb9d08850c/ENCFF026UTG.bigWig	low spot score, low read depth			NA
ENCFF064KOQ	bigWig	read-depth normalized signal	ENCSR000EMC	DNase-seq	CL:0002547	fibroblast of the aortic adventitia	primary cell	Homo sapiens							NA			NA	DNA	NA	see document	see document	NA	False	2010-12-16	ENCODE	NA	NA	NA	1	NA	NA	NA	NA	NA	NA	ENCFF975IUW	544406709	ENCODE Processing Pipeline	49c92c105e10c5400259f522b41bb3e4	NA	https://www.encodeproject.org/files/ENCFF064KOQ/@@download/ENCFF064KOQ.bigWig	hg19	NA	NA	NA	released	s3://encode-public/2017/09/06/a288ed6c-93b1-4fb1-a1d8-647f2a8727a8/ENCFF064KOQ.bigWig	low read depth			NA
ENCFF500PYE	bigWig	read-depth normalized signal	ENCSR000EMC	DNase-seq	CL:0002547	fibroblast of the aortic adventitia	primary cell	Homo sapiens							NA			NA	DNA	NA	see document	see document	NA	False	2010-12-16	ENCODE	NA	NA	NA	2	NA	NA	NA	NA	NA	NA	ENCFF603QIY	745924320	ENCODE Processing Pipeline	5fba422bf4c2bc62067c522cd120515d	NA	https://www.encodeproject.org/files/ENCFF500PYE/@@download/ENCFF500PYE.bigWig	hg19	NA	NA	NA	released	s3://encode-public/2017/09/06/de7e0274-ad59-49e7-898c-11feb9e394eb/ENCFF500PYE.bigWig	low read depth			NA
ENCFF183DRF	bigWig	read-depth normalized signal	ENCSR000ENZ	DNase-seq	CL:2000010	dermis blood vessel endothelial cell	primary cell	Homo sapiens							NA			NA	DNA	NA	see document	see document	NA	False	2010-12-16	ENCODE	NA	NA	NA	1	NA	NA	NA	NA	NA	NA	ENCFF492NVD	759098708	ENCODE Processing Pipeline	2f34bf8d66145317170e225d226db280	NA	https://www.encodeproject.org/files/ENCFF183DRF/@@download/ENCFF183DRF.bigWig	hg19	NA	NA	NA	released	s3://encode-public/2018/05/07/92e59942-06dc-41eb-9c83-8f8ab6b20a87/ENCFF183DRF.bigWig				NA
ENCFF462ZLR	bigWig	read-depth normalized signal	ENCSR000ENZ	DNase-seq	CL:2000010	dermis blood vessel endothelial cell	primary cell	Homo sapiens							NA			NA	DNA	NA	see document	see document	NA	False	2010-12-16	ENCODE	NA	NA	NA	2	NA	NA	NA	NA	NA	NA	ENCFF640OIB	627656012	ENCODE Processing Pipeline	94d3d7d7cdd2bdea2815cf1ae2d79eff	NA	https://www.encodeproject.org/files/ENCFF462ZLR/@@download/ENCFF462ZLR.bigWig	hg19	NA	NA	NA	released	s3://encode-public/2018/05/07/29489ca7-f3c5-40c7-b06a-4799b7f02394/ENCFF462ZLR.bigWig				NA
ENCFF573RVO	bigWig	read-depth normalized signal	ENCSR000EKF	DNase-seq	CL:0002618	endothelial cell of umbilical vein	primary cell	Homo sapiens							NA			NA	DNA	NA	see document	see document	NA	False	2011-04-19	ENCODE	NA	NA	NA	1	NA	NA	NA	NA	NA	NA	ENCFF453NMY	577970956	ENCODE Processing Pipeline	e35dafa5e31fc1150c6e97e63d27f470	NA	https://www.encodeproject.org/files/ENCFF573RVO/@@download/ENCFF573RVO.bigWig	hg19	NA	NA	NA	released	s3://encode-public/2017/10/05/13fa76b6-b5bc-47b3-8e34-a46dc865d894/ENCFF573RVO.bigWig	low read depth		insufficient read length	NA
ENCFF930DNG	bigWig	read-depth normalized signal	ENCSR040DGJ	DNase-seq	CL:0000084	T-cell	primary cell	Homo sapiens							NA			NA	DNA	NA	see document		NA	False	2013-07-31	Roadmap	NA	NA	NA	1	NA	NA	NA	NA	NA	NA	ENCFF105TQM	551825185	ENCODE Processing Pipeline	55308c323c28545a62ee28b91ebd38c4	NA	https://www.encodeproject.org/files/ENCFF930DNG/@@download/ENCFF930DNG.bigWig	hg19	NA	NA	NA	released	s3://encode-public/2017/09/19/73dc4c03-3993-4554-b62d-3ebb486f1e9f/ENCFF930DNG.bigWig	low spot score, low read depth			NA
ENCFF896NVQ	bigWig	read-depth normalized signal	ENCSR000EMJ	DNase-seq	CL:0000236	B cell	primary cell	Homo sapiens							NA			NA	DNA	NA	see document	see document	NA	False	2011-10-19	ENCODE	NA	NA	NA	1	NA	NA	NA	NA	NA	NA	ENCFF504HES	723010087	ENCODE Processing Pipeline	1433354e1f483ad77d77674c1fdab5e4	NA	https://www.encodeproject.org/files/ENCFF896NVQ/@@download/ENCFF896NVQ.bigWig	hg19	NA	NA	NA	released	s3://encode-public/2018/05/07/9832d05f-6e00-487a-add9-5aaa71430074/ENCFF896NVQ.bigWig	low read depth			NA
ENCFF704QPH	bigWig	read-depth normalized signal	ENCSR000EMJ	DNase-seq	CL:0000236	B cell	primary cell	Homo sapiens							NA			NA	DNA	NA	see document	see document	NA	False	2011-10-19	ENCODE	NA	NA	NA	2	NA	NA	NA	NA	NA	NA	ENCFF552WWJ	574974888	ENCODE Processing Pipeline	19448ce5f6c0c9dbe42e8c96cb014dba	NA	https://www.encodeproject.org/files/ENCFF704QPH/@@download/ENCFF704QPH.bigWig	hg19	NA	NA	NA	released	s3://encode-public/2018/05/07/4013a1d8-4d2d-4947-a105-220ab6b4ba82/ENCFF704QPH.bigWig	low read depth			NA
ENCFF497XMK	bigWig	read-depth normalized signal	ENCSR000EPN	DNase-seq	CL:0002328	bronchial epithelial cell	primary cell	Homo sapiens	retinoic acid	6 M	48 hour				NA			NA	DNA	NA	see document	see document	NA	False	2012-03-06	ENCODE	NA	NA	NA	1	NA	NA	NA	NA	NA	NA	ENCFF565MLR	582733115	ENCODE Processing Pipeline	8f9acf5a9d8987a5d603f4841acb1562	NA	https://www.encodeproject.org/files/ENCFF497XMK/@@download/ENCFF497XMK.bigWig	hg19	NA	NA	NA	released	s3://encode-public/2017/09/06/b3698eec-739a-4414-9a90-dd4b78a70cb3/ENCFF497XMK.bigWig	low spot score, low read depth			NA
ENCFF125UIF	bigWig	read-depth normalized signal	ENCSR000EPN	DNase-seq	CL:0002328	bronchial epithelial cell	primary cell	Homo sapiens	retinoic acid	6 M	48 hour				NA			NA	DNA	NA	see document	see document	NA	False	2012-03-06	ENCODE	NA	NA	NA	2	NA	NA	NA	NA	NA	NA	ENCFF133BYU	585364556	ENCODE Processing Pipeline	69da09452f23f3f03b989b67d93d104c	NA	https://www.encodeproject.org/files/ENCFF125UIF/@@download/ENCFF125UIF.bigWig	hg19	NA	NA	NA	released	s3://encode-public/2017/09/06/dfd64577-36dc-4a62-b277-791c86226a8c/ENCFF125UIF.bigWig	low spot score, low read depth			NA
ENCFF564QPT	bigWig	read-depth normalized signal	ENCSR122VUW	DNase-seq	CL:0001059	common myeloid progenitor, CD34-positive	primary cell	Homo sapiens							NA			NA	DNA	NA	see document		NA	False	2013-07-31	Roadmap	NA	NA	NA	2	NA	NA	NA	NA	NA	NA	ENCFF182BVE	619940800	ENCODE Processing Pipeline	060d6c32842c75a1c483368efe7db7b2	NA	https://www.encodeproject.org/files/ENCFF564QPT/@@download/ENCFF564QPT.bigWig	hg19	NA	NA	NA	released	s3://encode-public/2017/10/05/96bae628-e596-4e82-af06-e163aa710b27/ENCFF564QPT.bigWig	low read depth			NA
ENCFF944VBG	bigWig	read-depth normalized signal	ENCSR122VUW	DNase-seq	CL:0001059	common myeloid progenitor, CD34-positive	primary cell	Homo sapiens							NA			NA	DNA	NA	see document		NA	False	2013-07-31	Roadmap	NA	NA	NA	1	NA	NA	NA	NA	NA	NA	ENCFF101RXU	554696077	ENCODE Processing Pipeline	4d75412990bd5297fd497c419eda2090	NA	https://www.encodeproject.org/files/ENCFF944VBG/@@download/ENCFF944VBG.bigWig	hg19	NA	NA	NA	released	s3://encode-public/2017/09/19/e8ea6ad7-61ca-44e4-9507-679695de9e54/ENCFF944VBG.bigWig	low read depth			NA
ENCFF227QKB	bigWig	read-depth normalized signal	ENCSR000ENA	DNase-seq	CL:0002604	astrocyte of the hippocampus	primary cell	Homo sapiens							NA			NA	DNA	NA	see document	see document	NA	False	2011-05-04	ENCODE	NA	NA	NA	1	NA	NA	NA	NA	NA	NA	ENCFF652YRD	768154712	ENCODE Processing Pipeline	36abfdf9b09d1d06a09263350518bc76	NA	https://www.encodeproject.org/files/ENCFF227QKB/@@download/ENCFF227QKB.bigWig	hg19	NA	NA	NA	released	s3://encode-public/2018/05/07/6894971a-80ed-4b18-9613-24658a1300c7/ENCFF227QKB.bigWig	low spot score, low read depth			NA
ENCFF447CYG	bigWig	read-depth normalized signal	ENCSR000ENA	DNase-seq	CL:0002604	astrocyte of the hippocampus	primary cell	Homo sapiens							NA			NA	DNA	NA	see document	see document	NA	False	2011-05-04	ENCODE	NA	NA	NA	2	NA	NA	NA	NA	NA	NA	ENCFF480NOS	584966171	ENCODE Processing Pipeline	127ba55d79fdaf9f2bd678a972da178c	NA	https://www.encodeproject.org/files/ENCFF447CYG/@@download/ENCFF447CYG.bigWig	hg19	NA	NA	NA	released	s3://encode-public/2018/05/07/e82ba033-e2b0-4889-9d41-b15d07860ec7/ENCFF447CYG.bigWig	low spot score, low read depth			NA
ENCFF959OSD	bigWig	read-depth normalized signal	ENCSR000EOM	DNase-seq	CL:0002188	glomerular endothelial cell	primary cell	Homo sapiens							NA			NA	DNA	NA	see document	see document	NA	False	2011-05-04	ENCODE	NA	NA	NA	1	NA	NA	NA	NA	NA	NA	ENCFF328YXQ	549558679	ENCODE Processing Pipeline	66ab0aed135b289bf2b125a4187ad28a	NA	https://www.encodeproject.org/files/ENCFF959OSD/@@download/ENCFF959OSD.bigWig	hg19	NA	NA	NA	released	s3://encode-public/2017/09/05/bc73d4d0-16d6-482e-9592-efced4890ea7/ENCFF959OSD.bigWig	low spot score, low read depth			NA
ENCFF969HME	bigWig	read-depth normalized signal	ENCSR000EOM	DNase-seq	CL:0002188	glomerular endothelial cell	primary cell	Homo sapiens							NA			NA	DNA	NA	see document	see document	NA	False	2011-05-04	ENCODE	NA	NA	NA	2	NA	NA	NA	NA	NA	NA	ENCFF339ZSO	562937963	ENCODE Processing Pipeline	8c1cb980bbc559b77aa0c38ab1ffcaae	NA	https://www.encodeproject.org/files/ENCFF969HME/@@download/ENCFF969HME.bigWig	hg19	NA	NA	NA	released	s3://encode-public/2017/09/05/d5ee7798-1c30-4dc1-b0dd-19ea0dfd695a/ENCFF969HME.bigWig	low spot score, low read depth			NA
ENCFF415PSU	bigWig	read-depth normalized signal	ENCSR000EOF	DNase-seq	CL:0002304	non-pigmented ciliary epithelial cell	primary cell	Homo sapiens							NA			NA	DNA	NA	see document	see document	NA	False	2010-12-16	ENCODE	NA	NA	NA	1	NA	NA	NA	NA	NA	NA	ENCFF221CAO	537739317	ENCODE Processing Pipeline	122cd1b087a36bd3a220bf6df6752a1c	NA	https://www.encodeproject.org/files/ENCFF415PSU/@@download/ENCFF415PSU.bigWig	hg19	NA	NA	NA	released	s3://encode-public/2017/09/05/63c5fcab-6606-49a3-b18e-6f4ea3d8396f/ENCFF415PSU.bigWig	low read depth			NA
ENCFF970VXB	bigWig	read-depth normalized signal	ENCSR000EOF	DNase-seq	CL:0002304	non-pigmented ciliary epithelial cell	primary cell	Homo sapiens							NA			NA	DNA	NA	see document	see document	NA	False	2010-12-16	ENCODE	NA	NA	NA	2	NA	NA	NA	NA	NA	NA	ENCFF350PRK	554619493	ENCODE Processing Pipeline	4a382b3e4e3944007d7611d0f35d305e	NA	https://www.encodeproject.org/files/ENCFF970VXB/@@download/ENCFF970VXB.bigWig	hg19	NA	NA	NA	released	s3://encode-public/2017/09/05/491dbfc0-6472-4ca7-8eec-faeeafa360b7/ENCFF970VXB.bigWig	low read depth			NA
ENCFF586RSB	bigWig	read-depth normalized signal	ENCSR000ELH	DNase-seq	CL:0000312	keratinocyte	primary cell	Homo sapiens							NA			NA	DNA	NA	see document	see document	NA	False	2011-04-19	ENCODE	NA	NA	NA	1	NA	NA	NA	NA	NA	NA	ENCFF931TNN	609230629	ENCODE Processing Pipeline	e46b38430a948c8bd82c0d07243ebd0b	NA	https://www.encodeproject.org/files/ENCFF586RSB/@@download/ENCFF586RSB.bigWig	hg19	NA	NA	NA	released	s3://encode-public/2017/10/05/d125e4a2-e98a-4f23-9719-ef61f3ad655b/ENCFF586RSB.bigWig	low spot score, low read depth		insufficient read length	NA
ENCFF466HMS	bigWig	read-depth normalized signal	ENCSR000EQF	DNase-seq	CL:0000899	T-helper 17 cell	primary cell	Homo sapiens							NA			NA	DNA	NA	see document	see document	NA	False	2012-07-23	ENCODE	NA	NA	NA	1	NA	NA	NA	NA	NA	NA	ENCFF620UQL	770313979	ENCODE Processing Pipeline	e82c2316b53e82834a6d74d1a2f3b551	NA	https://www.encodeproject.org/files/ENCFF466HMS/@@download/ENCFF466HMS.bigWig	hg19	NA	NA	NA	released	s3://encode-public/2017/12/06/ace2fca0-e5df-4c12-ae28-88a35031e898/ENCFF466HMS.bigWig	low spot score	sequencing runs labeled as technical replicates		NA
ENCFF497MPR	bigWig	read-depth normalized signal	ENCSR000ENH	DNase-seq	CL:0002548	cardiac fibroblast	primary cell	Homo sapiens							NA			NA	DNA	NA	see document	see document	NA	False	2010-12-16	ENCODE	NA	NA	NA	1	NA	NA	NA	NA	NA	NA	ENCFF139DKP	716739635	ENCODE Processing Pipeline	778a7232bc6122bef9274f7606e03a36	NA	https://www.encodeproject.org/files/ENCFF497MPR/@@download/ENCFF497MPR.bigWig	hg19	NA	NA	NA	released	s3://encode-public/2018/05/07/b074b5ba-f173-4269-a38f-8c0361276acf/ENCFF497MPR.bigWig	low read depth			NA
ENCFF401JZP	bigWig	read-depth normalized signal	ENCSR000ENH	DNase-seq	CL:0002548	cardiac fibroblast	primary cell	Homo sapiens							NA			NA	DNA	NA	see document	see document	NA	False	2010-12-16	ENCODE	NA	NA	NA	2	NA	NA	NA	NA	NA	NA	ENCFF189RKF	552461572	ENCODE Processing Pipeline	780e6eb6aca7b4d8c4277d10fcb48576	NA	https://www.encodeproject.org/files/ENCFF401JZP/@@download/ENCFF401JZP.bigWig	hg19	NA	NA	NA	released	s3://encode-public/2018/05/07/3ce42a0d-1c2b-4194-8fad-4e67466f4cd0/ENCFF401JZP.bigWig	low read depth			NA
ENCFF666AGV	bigWig	read-depth normalized signal	ENCSR000EQD	DNase-seq	CL:0000545	T-helper 1 cell	primary cell	Homo sapiens							NA			NA	DNA	NA	see document	see document	NA	False	2012-07-23	ENCODE	NA	NA	NA	1	NA	NA	NA	NA	NA	NA	ENCFF349FVG	759736475	ENCODE Processing Pipeline	10a6d32a7a0bc546270c5a16645d6b79	NA	https://www.encodeproject.org/files/ENCFF666AGV/@@download/ENCFF666AGV.bigWig	hg19	NA	NA	NA	released	s3://encode-public/2017/09/28/fc21fe5c-0f2a-460a-aeb1-5f6e7992b346/ENCFF666AGV.bigWig		sequencing runs labeled as technical replicates		NA
ENCFF595GNY	bigWig	read-depth normalized signal	ENCSR000EPX	DNase-seq	CL:0002328	bronchial epithelial cell	primary cell	Homo sapiens							NA			NA	DNA	NA	see document	see document	NA	False	2010-12-16	ENCODE	NA	NA	NA	2	NA	NA	NA	NA	NA	NA	ENCFF224MFS	560463063	ENCODE Processing Pipeline	05d97274072344ccf37cc272d09221b1	NA	https://www.encodeproject.org/files/ENCFF595GNY/@@download/ENCFF595GNY.bigWig	hg19	NA	NA	NA	released	s3://encode-public/2017/09/06/2e6bbd8a-8e2f-40c9-99e3-51f0d9eada80/ENCFF595GNY.bigWig	low read depth			NA
ENCFF265MFB	bigWig	read-depth normalized signal	ENCSR000EPX	DNase-seq	CL:0002328	bronchial epithelial cell	primary cell	Homo sapiens							NA			NA	DNA	NA	see document	see document	NA	False	2010-12-16	ENCODE	NA	NA	NA	1	NA	NA	NA	NA	NA	NA	ENCFF036ENS	739276359	ENCODE Processing Pipeline	6dd4983bac84dac132d0918f92b8e983	NA	https://www.encodeproject.org/files/ENCFF265MFB/@@download/ENCFF265MFB.bigWig	hg19	NA	NA	NA	released	s3://encode-public/2017/09/06/f8654cbf-ce79-4ef4-97bb-055fcf5998ef/ENCFF265MFB.bigWig	low read depth			NA
ENCFF727GJL	bigWig	read-depth normalized signal	ENCSR000ENB	DNase-seq	CL:0002606	astrocyte of the spinal cord	primary cell	Homo sapiens							NA			NA	DNA	NA	see document	see document	NA	False	2011-05-04	ENCODE	NA	NA	NA	1	NA	NA	NA	NA	NA	NA	ENCFF711JUZ	758385842	ENCODE Processing Pipeline	24d966b01adb3a0d46ea9470295babd3	NA	https://www.encodeproject.org/files/ENCFF727GJL/@@download/ENCFF727GJL.bigWig	hg19	NA	NA	NA	released	s3://encode-public/2018/05/07/75cbdebc-7c11-4798-8ce6-13394e9debb9/ENCFF727GJL.bigWig	low read depth			NA
ENCFF694UDB	bigWig	read-depth normalized signal	ENCSR000ENB	DNase-seq	CL:0002606	astrocyte of the spinal cord	primary cell	Homo sapiens							NA			NA	DNA	NA	see document	see document	NA	False	2011-05-04	ENCODE	NA	NA	NA	2	NA	NA	NA	NA	NA	NA	ENCFF274HMG	590841490	ENCODE Processing Pipeline	99b89039088a0301c4d108e108d15a3b	NA	https://www.encodeproject.org/files/ENCFF694UDB/@@download/ENCFF694UDB.bigWig	hg19	NA	NA	NA	released	s3://encode-public/2018/05/07/997dcbc9-f2f8-48c0-9ee3-63adc0921b7f/ENCFF694UDB.bigWig	low read depth			NA
ENCFF935IJR	bigWig	read-depth normalized signal	ENCSR000EPU	DNase-seq	CL:0002231	epithelial cell of prostate	primary cell	Homo sapiens							NA			NA	DNA	NA	see document	see document	NA	False	2011-10-19	ENCODE	NA	NA	NA	1	NA	NA	NA	NA	NA	NA	ENCFF948KBN	593725171	ENCODE Processing Pipeline	cd6489c7cc4f0037bf5f246333f1fc8b	NA	https://www.encodeproject.org/files/ENCFF935IJR/@@download/ENCFF935IJR.bigWig	hg19	NA	NA	NA	released	s3://encode-public/2017/09/05/1529a826-4b12-427d-94ef-84fa8cc66f71/ENCFF935IJR.bigWig	low spot score, low read depth			NA
ENCFF110MZI	bigWig	read-depth normalized signal	ENCSR000EPU	DNase-seq	CL:0002231	epithelial cell of prostate	primary cell	Homo sapiens							NA			NA	DNA	NA	see document	see document	NA	False	2011-10-19	ENCODE	NA	NA	NA	2	NA	NA	NA	NA	NA	NA	ENCFF444JCD	602097416	ENCODE Processing Pipeline	b80049a6edf7943a9855858eeb3b138d	NA	https://www.encodeproject.org/files/ENCFF110MZI/@@download/ENCFF110MZI.bigWig	hg19	NA	NA	NA	released	s3://encode-public/2017/09/05/dc857220-d9bf-4f12-9333-7b9a67017a48/ENCFF110MZI.bigWig	low spot score, low read depth			NA
ENCFF279GVL	bigWig	read-depth normalized signal	ENCSR809LCE	DNase-seq	CL:0000351	trophoblast cell	primary cell	Homo sapiens							NA			NA	DNA	NA			NA	False	2016-05-09	ENCODE	NA	NA	NA	1	NA	NA	NA	NA	NA	NA	ENCFF008XFW	693857487	ENCODE Processing Pipeline	d08a78cef8cf3de35b864b3f31eb910f	NA	https://www.encodeproject.org/files/ENCFF279GVL/@@download/ENCFF279GVL.bigWig	hg19	NA	NA	NA	released	s3://encode-public/2017/09/06/28fcf981-09db-4956-a74d-af44f55dbf60/ENCFF279GVL.bigWig			unreplicated experiment	NA
ENCFF585BJI	bigWig	read-depth normalized signal	ENCSR121ZSL	DNase-seq	CL:0000351	trophoblast cell	primary cell	Homo sapiens							NA			NA	DNA	NA			NA	False	2016-05-09	ENCODE	NA	NA	NA	1	NA	NA	NA	NA	NA	NA	ENCFF691UDN	832399444	ENCODE Processing Pipeline	159d0b205c078e48339064d61494adc0	NA	https://www.encodeproject.org/files/ENCFF585BJI/@@download/ENCFF585BJI.bigWig	hg19	NA	NA	NA	released	s3://encode-public/2017/09/12/0cb5a9ae-6bbf-4e9e-9d76-790a9c4f8ca1/ENCFF585BJI.bigWig				NA
ENCFF651CTW	bigWig	read-depth normalized signal	ENCSR121ZSL	DNase-seq	CL:0000351	trophoblast cell	primary cell	Homo sapiens							NA			NA	DNA	NA			NA	False	2016-05-09	ENCODE	NA	NA	NA	2	NA	NA	NA	NA	NA	NA	ENCFF717BDD	659135652	ENCODE Processing Pipeline	fb850e7da4470de04ee2e184b23da7f7	NA	https://www.encodeproject.org/files/ENCFF651CTW/@@download/ENCFF651CTW.bigWig	hg19	NA	NA	NA	released	s3://encode-public/2017/09/12/a2329dc9-6911-4eaf-b5bd-847f1ff9e392/ENCFF651CTW.bigWig				NA
ENCFF466KBD	bigWig	read-depth normalized signal	ENCSR360LBD	DNase-seq	NTR:0000524	fibroblast of skin of scalp	primary cell	Homo sapiens							NA			NA	DNA	NA	see document		NA	False	2013-07-31	Roadmap	NA	NA	NA	1	NA	NA	NA	NA	NA	NA	ENCFF375OLV	540558621	ENCODE Processing Pipeline	82e6062ba94335b10ebd2d9e705d1386	NA	https://www.encodeproject.org/files/ENCFF466KBD/@@download/ENCFF466KBD.bigWig	hg19	NA	NA	NA	released	s3://encode-public/2017/09/19/bfe1b3e7-9ab7-470f-84b6-ddca365bf1b2/ENCFF466KBD.bigWig	low read depth	mismatched status, NTR biosample		NA
ENCFF103IIE	bigWig	read-depth normalized signal	ENCSR271QSV	DNase-seq	CL:0001059	common myeloid progenitor, CD34-positive	primary cell	Homo sapiens							NA			NA	DNA	NA	see document		NA	False	2013-07-31	Roadmap	NA	NA	NA	1	NA	NA	NA	NA	NA	NA	ENCFF738QWP	596821462	ENCODE Processing Pipeline	d11eab4437c9b25c0fa0a70b7cc5d4d6	NA	https://www.encodeproject.org/files/ENCFF103IIE/@@download/ENCFF103IIE.bigWig	hg19	NA	NA	NA	released	s3://encode-public/2017/09/19/61ed63f0-bfc0-4379-a37b-6fb68ff8d96c/ENCFF103IIE.bigWig				NA
ENCFF770FCG	bigWig	read-depth normalized signal	ENCSR000ENL	DNase-seq	CL:0000706	choroid plexus epithelial cell	primary cell	Homo sapiens							NA			NA	DNA	NA	see document	see document	NA	False	2010-12-14	ENCODE	NA	NA	NA	1	NA	NA	NA	NA	NA	NA	ENCFF074SIO	699228278	ENCODE Processing Pipeline	32c5732966556263e1831d1192c0d14d	NA	https://www.encodeproject.org/files/ENCFF770FCG/@@download/ENCFF770FCG.bigWig	hg19	NA	NA	NA	released	s3://encode-public/2017/09/06/3d499049-8d2b-4369-9afc-a8964f6a72ad/ENCFF770FCG.bigWig	low read depth			NA
ENCFF186EFW	bigWig	read-depth normalized signal	ENCSR000ENL	DNase-seq	CL:0000706	choroid plexus epithelial cell	primary cell	Homo sapiens							NA			NA	DNA	NA	see document	see document	NA	False	2010-12-14	ENCODE	NA	NA	NA	2	NA	NA	NA	NA	NA	NA	ENCFF095HSL	555756966	ENCODE Processing Pipeline	55d1f6d6318b3f45e7afc39c9ddc970a	NA	https://www.encodeproject.org/files/ENCFF186EFW/@@download/ENCFF186EFW.bigWig	hg19	NA	NA	NA	released	s3://encode-public/2017/09/06/348b3d5d-5a80-4b09-b390-ed5860689d95/ENCFF186EFW.bigWig	low read depth			NA
ENCFF721KUW	bigWig	read-depth normalized signal	ENCSR000EOH	DNase-seq	CL:0002557	fibroblast of pulmonary artery	primary cell	Homo sapiens							NA			NA	DNA	NA	see document	see document	NA	False	2010-12-16	ENCODE	NA	NA	NA	1	NA	NA	NA	NA	NA	NA	ENCFF534IVA	709697464	ENCODE Processing Pipeline	a59bca9295d5943cbfcb6fce6d28bfd6	NA	https://www.encodeproject.org/files/ENCFF721KUW/@@download/ENCFF721KUW.bigWig	hg19	NA	NA	NA	released	s3://encode-public/2017/09/06/febd5a6b-9b44-4b4e-9a35-2870ec220f79/ENCFF721KUW.bigWig	low read depth			NA
ENCFF013IRY	bigWig	read-depth normalized signal	ENCSR000EOH	DNase-seq	CL:0002557	fibroblast of pulmonary artery	primary cell	Homo sapiens							NA			NA	DNA	NA	see document	see document	NA	False	2010-12-16	ENCODE	NA	NA	NA	2	NA	NA	NA	NA	NA	NA	ENCFF620PLE	540531017	ENCODE Processing Pipeline	d4802bdbf46c35bd89406661fe9dff5e	NA	https://www.encodeproject.org/files/ENCFF013IRY/@@download/ENCFF013IRY.bigWig	hg19	NA	NA	NA	released	s3://encode-public/2017/09/06/0eafba40-c2c0-4641-83c5-f9cf396fa4d2/ENCFF013IRY.bigWig	low read depth			NA
ENCFF126TNZ	bigWig	read-depth normalized signal	ENCSR000EPW	DNase-seq	CL:0002306	epithelial cell of proximal tubule	primary cell	Homo sapiens							NA			NA	DNA	NA	see document	see document	NA	False	2011-05-04	ENCODE	NA	NA	NA	1	NA	NA	NA	NA	NA	NA	ENCFF641JMA	555100382	ENCODE Processing Pipeline	81ac362fd6c7b5713c9b1a606c85cb14	NA	https://www.encodeproject.org/files/ENCFF126TNZ/@@download/ENCFF126TNZ.bigWig	hg19	NA	NA	NA	released	s3://encode-public/2017/09/05/601cf260-0ec3-48a6-a985-89b83c85c493/ENCFF126TNZ.bigWig	low read depth			NA
ENCFF537MWX	bigWig	read-depth normalized signal	ENCSR000EPW	DNase-seq	CL:0002306	epithelial cell of proximal tubule	primary cell	Homo sapiens							NA			NA	DNA	NA	see document	see document	NA	False	2011-05-04	ENCODE	NA	NA	NA	2	NA	NA	NA	NA	NA	NA	ENCFF552JCV	573285855	ENCODE Processing Pipeline	cd515e05a5b654f7623e7b04b9b8a58f	NA	https://www.encodeproject.org/files/ENCFF537MWX/@@download/ENCFF537MWX.bigWig	hg19	NA	NA	NA	released	s3://encode-public/2017/09/05/b6967a70-7719-4912-b425-3674d13e7aef/ENCFF537MWX.bigWig	low read depth			NA
ENCFF946GYH	bigWig	read-depth normalized signal	ENCSR000EPO	DNase-seq	CL:0002551	fibroblast of dermis	primary cell	Homo sapiens							NA			NA	DNA	NA	see document	see document	NA	False	2010-12-14	ENCODE	NA	NA	NA	2	NA	NA	NA	NA	NA	NA	ENCFF610BZR	551353755	ENCODE Processing Pipeline	b9d94def5d41fb9c7f9dfe0b30b53401	NA	https://www.encodeproject.org/files/ENCFF946GYH/@@download/ENCFF946GYH.bigWig	hg19	NA	NA	NA	released	s3://encode-public/2017/09/06/20098e1e-1b97-4db9-8d47-c8a004aed454/ENCFF946GYH.bigWig	low read depth			NA
ENCFF421PYK	bigWig	read-depth normalized signal	ENCSR000EPO	DNase-seq	CL:0002551	fibroblast of dermis	primary cell	Homo sapiens							NA			NA	DNA	NA	see document	see document	NA	False	2010-12-14	ENCODE	NA	NA	NA	1	NA	NA	NA	NA	NA	NA	ENCFF625NFJ	677396630	ENCODE Processing Pipeline	3524836a00128c72d9556bca44a3ae00	NA	https://www.encodeproject.org/files/ENCFF421PYK/@@download/ENCFF421PYK.bigWig	hg19	NA	NA	NA	released	s3://encode-public/2017/09/06/6aa09fd2-41c4-4d04-8c98-7f6222ef9312/ENCFF421PYK.bigWig	low read depth			NA
ENCFF333YPH	bigWig	read-depth normalized signal	ENCSR000EOA	DNase-seq	CL:2000041	dermis microvascular lymphatic vessel endothelial cell	primary cell	Homo sapiens							NA			NA	DNA	NA	see document	see document	NA	False	2010-12-16	ENCODE	NA	NA	NA	1	NA	NA	NA	NA	NA	NA	ENCFF099RVX	568985279	ENCODE Processing Pipeline	584c7be0de9fa46adfd498be3eae9fd4	NA	https://www.encodeproject.org/files/ENCFF333YPH/@@download/ENCFF333YPH.bigWig	hg19	NA	NA	NA	released	s3://encode-public/2017/09/05/c4d7eda8-1580-47e1-aa04-209b78833962/ENCFF333YPH.bigWig	low read depth			NA
ENCFF753BPT	bigWig	read-depth normalized signal	ENCSR000EOA	DNase-seq	CL:2000041	dermis microvascular lymphatic vessel endothelial cell	primary cell	Homo sapiens							NA			NA	DNA	NA	see document	see document	NA	False	2010-12-16	ENCODE	NA	NA	NA	2	NA	NA	NA	NA	NA	NA	ENCFF921KEB	568740523	ENCODE Processing Pipeline	352de9d1ba92f8ff963b274807d52583	NA	https://www.encodeproject.org/files/ENCFF753BPT/@@download/ENCFF753BPT.bigWig	hg19	NA	NA	NA	released	s3://encode-public/2017/09/05/57c9a0e7-ddaa-4cdf-a5dd-6a85be482338/ENCFF753BPT.bigWig	low read depth			NA
ENCFF960WXY	bigWig	read-depth normalized signal	ENCSR000EOR	DNase-seq	CL:0002558	fibroblast of villous mesenchyme	primary cell	Homo sapiens							NA			NA	DNA	NA	see document	see document	NA	False	2010-12-16	ENCODE	NA	NA	NA	1	NA	NA	NA	NA	NA	NA	ENCFF881ODP	727053951	ENCODE Processing Pipeline	b48b764f6e17b7d98f7d4c28cf6db7ec	NA	https://www.encodeproject.org/files/ENCFF960WXY/@@download/ENCFF960WXY.bigWig	hg19	NA	NA	NA	released	s3://encode-public/2018/05/07/7cf48886-0d79-4121-8afb-a4104e7d35f7/ENCFF960WXY.bigWig	low read depth			NA
ENCFF939AMA	bigWig	read-depth normalized signal	ENCSR000EOR	DNase-seq	CL:0002558	fibroblast of villous mesenchyme	primary cell	Homo sapiens							NA			NA	DNA	NA	see document	see document	NA	False	2010-12-16	ENCODE	NA	NA	NA	2	NA	NA	NA	NA	NA	NA	ENCFF769RTR	541060290	ENCODE Processing Pipeline	2acaf30ab750338eb118184ff9dc4bde	NA	https://www.encodeproject.org/files/ENCFF939AMA/@@download/ENCFF939AMA.bigWig	hg19	NA	NA	NA	released	s3://encode-public/2018/05/07/93b24b99-057b-41f4-84ce-4d57d295b985/ENCFF939AMA.bigWig	low read depth			NA
ENCFF582BRI	bigWig	read-depth normalized signal	ENCSR000ELE	DNase-seq	CL:0001054	CD14-positive monocyte	primary cell	Homo sapiens							NA			NA	DNA	NA	see document	see document	NA	False	2012-08-28	ENCODE	NA	NA	NA	2	NA	NA	NA	NA	NA	NA	ENCFF780FKA	650798204	ENCODE Processing Pipeline	b68f705acc9c5f4919af7b3e09f2e6ca	NA	https://www.encodeproject.org/files/ENCFF582BRI/@@download/ENCFF582BRI.bigWig	hg19	NA	NA	NA	released	s3://encode-public/2017/09/27/74c5d6cc-5b1f-4cfa-8a92-36cc983a6420/ENCFF582BRI.bigWig	low spot score			NA
ENCFF654GXP	bigWig	read-depth normalized signal	ENCSR000ELE	DNase-seq	CL:0001054	CD14-positive monocyte	primary cell	Homo sapiens							NA			NA	DNA	NA	see document	see document	NA	False	2012-08-28	ENCODE	NA	NA	NA	1	NA	NA	NA	NA	NA	NA	ENCFF295OEK	711941748	ENCODE Processing Pipeline	22cc43ef52ca48c92d987e26322f8ea9	NA	https://www.encodeproject.org/files/ENCFF654GXP/@@download/ENCFF654GXP.bigWig	hg19	NA	NA	NA	released	s3://encode-public/2017/09/27/b7643da1-69c3-4a94-a92f-9f431fd88ee9/ENCFF654GXP.bigWig	low spot score			NA
ENCFF285AWJ	bigWig	read-depth normalized signal	ENCSR000EQA	DNase-seq	CL:0000188	skeletal muscle cell	primary cell	Homo sapiens							NA			NA	DNA	NA	see document	see document	NA	False	2010-12-14	ENCODE	NA	NA	NA	1	NA	NA	NA	NA	NA	NA	ENCFF755SPF	753166702	ENCODE Processing Pipeline	5530c0021c11bd54757f141c19d5c284	NA	https://www.encodeproject.org/files/ENCFF285AWJ/@@download/ENCFF285AWJ.bigWig	hg19	NA	NA	NA	archived	s3://encode-public/2017/09/13/9f2db1ba-0065-416c-9849-b54a4d325ba3/ENCFF285AWJ.bigWig	low read depth			NA
ENCFF104AHC	bigWig	read-depth normalized signal	ENCSR000EQA	DNase-seq	CL:0000188	skeletal muscle cell	primary cell	Homo sapiens							NA			NA	DNA	NA	see document	see document	NA	False	2010-12-14	ENCODE	NA	NA	NA	2	NA	NA	NA	NA	NA	NA	ENCFF838NST	548391905	ENCODE Processing Pipeline	bd2c2f1c52472c6fadc66cea4fe0b72d	NA	https://www.encodeproject.org/files/ENCFF104AHC/@@download/ENCFF104AHC.bigWig	hg19	NA	NA	NA	released	s3://encode-public/2017/09/13/82f0fc9e-5c31-4c31-851d-3f18c57956cd/ENCFF104AHC.bigWig	low read depth			NA
ENCFF032QGP	bigWig	read-depth normalized signal	ENCSR000EOJ	DNase-seq	CL:0002553	fibroblast of lung	primary cell	Homo sapiens							NA			NA	DNA	NA	see document	see document	NA	False	2010-12-16	ENCODE	NA	NA	NA	1	NA	NA	NA	NA	NA	NA	ENCFF862FLN	733369217	ENCODE Processing Pipeline	74e82a0ed61542e0a41d625b9cfa9987	NA	https://www.encodeproject.org/files/ENCFF032QGP/@@download/ENCFF032QGP.bigWig	hg19	NA	NA	NA	released	s3://encode-public/2017/09/06/456d32f3-8d86-4374-a250-0b4186e49c01/ENCFF032QGP.bigWig	low read depth			NA
ENCFF822XBQ	bigWig	read-depth normalized signal	ENCSR000EOJ	DNase-seq	CL:0002553	fibroblast of lung	primary cell	Homo sapiens							NA			NA	DNA	NA	see document	see document	NA	False	2010-12-16	ENCODE	NA	NA	NA	2	NA	NA	NA	NA	NA	NA	ENCFF671XQD	570527721	ENCODE Processing Pipeline	5b78fac04278df0f6ef0b0f52d3f4713	NA	https://www.encodeproject.org/files/ENCFF822XBQ/@@download/ENCFF822XBQ.bigWig	hg19	NA	NA	NA	released	s3://encode-public/2017/09/06/454b48e0-b735-431d-a0ae-86c2d6c406b6/ENCFF822XBQ.bigWig	low read depth			NA
ENCFF990PCZ	bigWig	read-depth normalized signal	ENCSR000EJU	DNase-seq	CL:0000182	hepatocyte	primary cell	Homo sapiens							NA			NA	DNA	NA	see document	see document	NA	False	2011-04-19	ENCODE	NA	NA	NA	1	NA	NA	NA	NA	NA	NA	ENCFF907RMB	678286679	ENCODE Processing Pipeline	b7ddcce39bfd7f2a75c75d16b01b32a1	NA	https://www.encodeproject.org/files/ENCFF990PCZ/@@download/ENCFF990PCZ.bigWig	hg19	NA	NA	NA	released	s3://encode-public/2017/10/03/45ef64c9-a658-4f40-8b84-1e66268efde6/ENCFF990PCZ.bigWig	mixed read lengths, low spot score		insufficient read length	NA
ENCFF347OPY	bigWig	read-depth normalized signal	ENCSR000ENQ	DNase-seq	CL:1001608	foreskin fibroblast	primary cell	Homo sapiens							NA			NA	DNA	NA	see document	see document	NA	False	2011-05-04	ENCODE	NA	NA	NA	1	NA	NA	NA	NA	NA	NA	ENCFF498MUS	735386090	ENCODE Processing Pipeline	9bf52f3e5e0bad8b3c4910277c9823aa	NA	https://www.encodeproject.org/files/ENCFF347OPY/@@download/ENCFF347OPY.bigWig	hg19	NA	NA	NA	released	s3://encode-public/2018/05/07/f3c063cf-db54-4cdc-b0a4-992ae24955b5/ENCFF347OPY.bigWig	low read depth			NA
ENCFF976XMK	bigWig	read-depth normalized signal	ENCSR000ENQ	DNase-seq	CL:1001608	foreskin fibroblast	primary cell	Homo sapiens							NA			NA	DNA	NA	see document	see document	NA	False	2011-05-04	ENCODE	NA	NA	NA	2	NA	NA	NA	NA	NA	NA	ENCFF628LBG	546097244	ENCODE Processing Pipeline	3c400eccd3604219b777a3224a527c62	NA	https://www.encodeproject.org/files/ENCFF976XMK/@@download/ENCFF976XMK.bigWig	hg19	NA	NA	NA	released	s3://encode-public/2018/05/07/d9038a00-58fc-417d-9919-44bdc9a77b98/ENCFF976XMK.bigWig	low read depth			NA
ENCFF847ONQ	bigWig	read-depth normalized signal	ENCSR000EOK	DNase-seq	CL:0002584	renal cortical epithelial cell	primary cell	Homo sapiens							NA			NA	DNA	NA	see document	see document	NA	False	2011-04-07	ENCODE	NA	NA	NA	1	NA	NA	NA	NA	NA	NA	ENCFF369TLF	734346591	ENCODE Processing Pipeline	718e9924f6022f543715ec920f3b6bac	NA	https://www.encodeproject.org/files/ENCFF847ONQ/@@download/ENCFF847ONQ.bigWig	hg19	NA	NA	NA	released	s3://encode-public/2017/09/06/1eb30f5c-517a-4674-8365-fde30e62e0eb/ENCFF847ONQ.bigWig	low read depth			NA
ENCFF847JGF	bigWig	read-depth normalized signal	ENCSR000EOK	DNase-seq	CL:0002584	renal cortical epithelial cell	primary cell	Homo sapiens							NA			NA	DNA	NA	see document	see document	NA	False	2011-04-07	ENCODE	NA	NA	NA	2	NA	NA	NA	NA	NA	NA	ENCFF683HSF	542514001	ENCODE Processing Pipeline	0a961c61162dde7bb17f239885ef1de7	NA	https://www.encodeproject.org/files/ENCFF847JGF/@@download/ENCFF847JGF.bigWig	hg19	NA	NA	NA	released	s3://encode-public/2017/09/06/dfdac547-d479-4218-a3a2-b98e9f6e9205/ENCFF847JGF.bigWig	low read depth			NA
ENCFF157ZXM	bigWig	read-depth normalized signal	ENCSR000EOQ	DNase-seq	CL:0002618	endothelial cell of umbilical vein	primary cell	Homo sapiens							NA			NA	DNA	NA	see document	see document	NA	False	2011-05-04	ENCODE	NA	NA	NA	2	NA	NA	NA	NA	NA	NA	ENCFF757PTA	598528714	ENCODE Processing Pipeline	9697d98185d098aeb4c177e7f6cf70e2	NA	https://www.encodeproject.org/files/ENCFF157ZXM/@@download/ENCFF157ZXM.bigWig	hg19	NA	NA	NA	released	s3://encode-public/2018/05/07/22d79eda-d3d4-44cd-9034-777aec0d50d6/ENCFF157ZXM.bigWig	low spot score, low read depth			NA
ENCFF558DRT	bigWig	read-depth normalized signal	ENCSR000EOQ	DNase-seq	CL:0002618	endothelial cell of umbilical vein	primary cell	Homo sapiens							NA			NA	DNA	NA	see document	see document	NA	False	2011-05-04	ENCODE	NA	NA	NA	1	NA	NA	NA	NA	NA	NA	ENCFF818BFC	807616854	ENCODE Processing Pipeline	b491d7613125437ead8705b73466abf4	NA	https://www.encodeproject.org/files/ENCFF558DRT/@@download/ENCFF558DRT.bigWig	hg19	NA	NA	NA	released	s3://encode-public/2018/05/07/0ffe77f4-a4fa-4534-82d3-e97ccc11f30d/ENCFF558DRT.bigWig	low spot score, low read depth			NA
ENCFF913OTC	bigWig	read-depth normalized signal	ENCSR000ENG	DNase-seq	CL:0002590	smooth muscle cell of the brain vasculature	primary cell	Homo sapiens							NA			NA	DNA	NA	see document	see document	NA	False	2012-03-06	ENCODE	NA	NA	NA	1	NA	NA	NA	NA	NA	NA	ENCFF092ZRU	570181246	ENCODE Processing Pipeline	a5075f249e65099026b94e58ffeda1e7	NA	https://www.encodeproject.org/files/ENCFF913OTC/@@download/ENCFF913OTC.bigWig	hg19	NA	NA	NA	released	s3://encode-public/2017/09/05/4077fc0e-afd1-42e9-9243-fb87a2210d32/ENCFF913OTC.bigWig	low spot score, low read depth			NA
ENCFF032AJI	bigWig	read-depth normalized signal	ENCSR000ENG	DNase-seq	CL:0002590	smooth muscle cell of the brain vasculature	primary cell	Homo sapiens							NA			NA	DNA	NA	see document	see document	NA	False	2012-03-06	ENCODE	NA	NA	NA	2	NA	NA	NA	NA	NA	NA	ENCFF431FCO	573982666	ENCODE Processing Pipeline	1884e9bb0aa73eaa76e87c72c116b7f1	NA	https://www.encodeproject.org/files/ENCFF032AJI/@@download/ENCFF032AJI.bigWig	hg19	NA	NA	NA	released	s3://encode-public/2017/09/05/7be61bb1-5b44-4e1a-be1d-819f3e3e9a9b/ENCFF032AJI.bigWig	low spot score, low read depth			NA
ENCFF470WUI	bigWig	read-depth normalized signal	ENCSR000EPP	DNase-seq	CL:1001608	foreskin fibroblast	primary cell	Homo sapiens							NA			NA	DNA	NA	see document	see document	NA	False	2010-12-16	ENCODE	NA	NA	NA	1	NA	NA	NA	NA	NA	NA	ENCFF584ZGK	751201441	ENCODE Processing Pipeline	9453fe6fc950cbce7753ecb7a033b644	NA	https://www.encodeproject.org/files/ENCFF470WUI/@@download/ENCFF470WUI.bigWig	hg19	NA	NA	NA	released	s3://encode-public/2018/05/07/90edc43e-f910-466e-bf33-1f90e7ebe686/ENCFF470WUI.bigWig	low read depth			NA
ENCFF084JWD	bigWig	read-depth normalized signal	ENCSR000EPP	DNase-seq	CL:1001608	foreskin fibroblast	primary cell	Homo sapiens							NA			NA	DNA	NA	see document	see document	NA	False	2010-12-16	ENCODE	NA	NA	NA	2	NA	NA	NA	NA	NA	NA	ENCFF996VUV	556086655	ENCODE Processing Pipeline	2e0a5e4ff581532d1d0e697fe6fdaaf4	NA	https://www.encodeproject.org/files/ENCFF084JWD/@@download/ENCFF084JWD.bigWig	hg19	NA	NA	NA	released	s3://encode-public/2018/05/07/c675b5ac-ff54-4a51-9e76-5fb6a2bc76dd/ENCFF084JWD.bigWig	low read depth			NA
ENCFF731MXF	bigWig	read-depth normalized signal	ENCSR000ENN	DNase-seq	CL:0002252	epithelial cell of esophagus	primary cell	Homo sapiens							NA			NA	DNA	NA	see document	see document	NA	False	2010-12-16	ENCODE	NA	NA	NA	1	NA	NA	NA	NA	NA	NA	ENCFF397VDV	762138813	ENCODE Processing Pipeline	9602f102b316480794f223dbf558f85e	NA	https://www.encodeproject.org/files/ENCFF731MXF/@@download/ENCFF731MXF.bigWig	hg19	NA	NA	NA	released	s3://encode-public/2018/05/07/449c0ec0-1eec-4b1c-a0a7-d69fa9ac4d68/ENCFF731MXF.bigWig	low read depth			NA
ENCFF130JPJ	bigWig	read-depth normalized signal	ENCSR000ENN	DNase-seq	CL:0002252	epithelial cell of esophagus	primary cell	Homo sapiens							NA			NA	DNA	NA	see document	see document	NA	False	2010-12-16	ENCODE	NA	NA	NA	2	NA	NA	NA	NA	NA	NA	ENCFF547KVJ	557200926	ENCODE Processing Pipeline	56d3efe9db0683476351865f4df06d1f	NA	https://www.encodeproject.org/files/ENCFF130JPJ/@@download/ENCFF130JPJ.bigWig	hg19	NA	NA	NA	released	s3://encode-public/2018/05/07/7e4d370d-2292-4f17-9cbc-6ac850bf454f/ENCFF130JPJ.bigWig	low read depth			NA
ENCFF906HJJ	bigWig	read-depth normalized signal	ENCSR000EML	DNase-seq	CL:0000895	naive thymus-derived CD4-positive, alpha-beta T cell	primary cell	Homo sapiens							NA			NA	DNA	NA	see document	see document	NA	False	2012-07-23	ENCODE	NA	NA	NA	1	NA	NA	NA	NA	NA	NA	ENCFF138MTV	754046429	ENCODE Processing Pipeline	416621a1d51549078f37df132ccac9fd	NA	https://www.encodeproject.org/files/ENCFF906HJJ/@@download/ENCFF906HJJ.bigWig	hg19	NA	NA	NA	released	s3://encode-public/2017/12/01/e12a78e4-5b7d-49d8-b471-71cde9384c97/ENCFF906HJJ.bigWig		sequencing runs labeled as technical replicates		NA
ENCFF949JYV	bigWig	read-depth normalized signal	ENCSR000EPM	DNase-seq	CL:0000127	astrocyte	primary cell	Homo sapiens							NA			NA	DNA	NA	see document	see document	NA	False	2010-12-16	ENCODE	NA	NA	NA	2	NA	NA	NA	NA	NA	NA	ENCFF393ESE	553258589	ENCODE Processing Pipeline	1a68d8d53b905185cb7dc438c538cd8f	NA	https://www.encodeproject.org/files/ENCFF949JYV/@@download/ENCFF949JYV.bigWig	hg19	NA	NA	NA	released	s3://encode-public/2017/09/06/447e9cc4-0a21-4655-906b-479cb14dffef/ENCFF949JYV.bigWig	low read depth			NA
ENCFF678PJI	bigWig	read-depth normalized signal	ENCSR000EPM	DNase-seq	CL:0000127	astrocyte	primary cell	Homo sapiens							NA			NA	DNA	NA	see document	see document	NA	False	2010-12-16	ENCODE	NA	NA	NA	1	NA	NA	NA	NA	NA	NA	ENCFF540LTJ	731098761	ENCODE Processing Pipeline	0cdc03213cd4d99494970037c9ad6380	NA	https://www.encodeproject.org/files/ENCFF678PJI/@@download/ENCFF678PJI.bigWig	hg19	NA	NA	NA	released	s3://encode-public/2017/09/06/31433f7c-146e-402d-a11e-a454a50cf907/ENCFF678PJI.bigWig	low read depth			NA
ENCFF131JYF	bigWig	read-depth normalized signal	ENCSR000EQC	DNase-seq	CL:0000545	T-helper 1 cell	primary cell	Homo sapiens							NA			NA	DNA	NA	see document	see document	NA	False	2010-12-14	ENCODE	NA	NA	NA	1	NA	NA	NA	NA	NA	NA	ENCFF643MCR	669231603	ENCODE Processing Pipeline	f72f76b38ad66d2ed2a9d717ba0710f1	NA	https://www.encodeproject.org/files/ENCFF131JYF/@@download/ENCFF131JYF.bigWig	hg19	NA	NA	NA	released	s3://encode-public/2017/10/08/1b7bb4b6-c969-4e42-b4c0-fd7ffeddd7bd/ENCFF131JYF.bigWig		sequencing runs labeled as technical replicates	insufficient read length	NA
ENCFF170UAZ	bigWig	read-depth normalized signal	ENCSR000EQC	DNase-seq	CL:0000545	T-helper 1 cell	primary cell	Homo sapiens							NA			NA	DNA	NA	see document	see document	NA	False	2010-12-14	ENCODE	NA	NA	NA	2	NA	NA	NA	NA	NA	NA	ENCFF936ZSN	791729143	ENCODE Processing Pipeline	ccb6cec794d1e07894284c29ed729bd4	NA	https://www.encodeproject.org/files/ENCFF170UAZ/@@download/ENCFF170UAZ.bigWig	hg19	NA	NA	NA	released	s3://encode-public/2017/10/08/a1c262e5-2b65-480e-8534-76effdad7b45/ENCFF170UAZ.bigWig		sequencing runs labeled as technical replicates	insufficient read length	NA
ENCFF792TWU	bigWig	read-depth normalized signal	ENCSR000ENC	DNase-seq	CL:0002603	astrocyte of the cerebellum	primary cell	Homo sapiens							NA			NA	DNA	NA	see document	see document	NA	False	2011-05-04	ENCODE	NA	NA	NA	1	NA	NA	NA	NA	NA	NA	ENCFF551IDA	608328929	ENCODE Processing Pipeline	452126ed830ed5585b99c333160e9a05	NA	https://www.encodeproject.org/files/ENCFF792TWU/@@download/ENCFF792TWU.bigWig	hg19	NA	NA	NA	released	s3://encode-public/2017/09/06/cbefb6ff-d20f-49ea-8937-93243d70f626/ENCFF792TWU.bigWig	low read depth			NA
ENCFF881JCL	bigWig	read-depth normalized signal	ENCSR000ENC	DNase-seq	CL:0002603	astrocyte of the cerebellum	primary cell	Homo sapiens							NA			NA	DNA	NA	see document	see document	NA	False	2011-05-04	ENCODE	NA	NA	NA	2	NA	NA	NA	NA	NA	NA	ENCFF751ZKO	570274595	ENCODE Processing Pipeline	81929ec97354b9f8df8a936f2d5d5c98	NA	https://www.encodeproject.org/files/ENCFF881JCL/@@download/ENCFF881JCL.bigWig	hg19	NA	NA	NA	released	s3://encode-public/2017/09/06/a22f7677-bff3-4500-a083-d6917a804ad4/ENCFF881JCL.bigWig	low read depth			NA
ENCFF119FUP	bigWig	read-depth normalized signal	ENCSR000EOB	DNase-seq	CL:2000041	dermis microvascular lymphatic vessel endothelial cell	primary cell	Homo sapiens							NA			NA	DNA	NA	see document	see document	NA	False	2010-12-16	ENCODE	NA	NA	NA	1	NA	NA	NA	NA	NA	NA	ENCFF400WHB	756384721	ENCODE Processing Pipeline	0c7a23f505f3339e5361e314a1892b81	NA	https://www.encodeproject.org/files/ENCFF119FUP/@@download/ENCFF119FUP.bigWig	hg19	NA	NA	NA	released	s3://encode-public/2018/05/07/eb188d1c-7cf9-4e04-ad37-1e0ae54c661b/ENCFF119FUP.bigWig	low read depth			NA
ENCFF441WXK	bigWig	read-depth normalized signal	ENCSR000EOB	DNase-seq	CL:2000041	dermis microvascular lymphatic vessel endothelial cell	primary cell	Homo sapiens							NA			NA	DNA	NA	see document	see document	NA	False	2010-12-16	ENCODE	NA	NA	NA	2	NA	NA	NA	NA	NA	NA	ENCFF804SLA	593413764	ENCODE Processing Pipeline	e6c91aa5f5e3cd3751bba5b592908c23	NA	https://www.encodeproject.org/files/ENCFF441WXK/@@download/ENCFF441WXK.bigWig	hg19	NA	NA	NA	released	s3://encode-public/2018/05/07/24300c55-91ee-40b9-88c6-1b7cb116c63f/ENCFF441WXK.bigWig	low read depth			NA
ENCFF720APQ	bigWig	read-depth normalized signal	ENCSR000ENJ	DNase-seq	CL:0000746	cardiac muscle cell	primary cell	Homo sapiens							NA			NA	DNA	NA	see document	see document	NA	False	2010-12-16	ENCODE	NA	NA	NA	1	NA	NA	NA	NA	NA	NA	ENCFF150TMB	700105656	ENCODE Processing Pipeline	0b43c2a1d35fc707fc166dcf4031191c	NA	https://www.encodeproject.org/files/ENCFF720APQ/@@download/ENCFF720APQ.bigWig	hg19	NA	NA	NA	released	s3://encode-public/2018/05/07/777ee6f1-d6d7-4f6a-b19f-9caca7ff4ac4/ENCFF720APQ.bigWig	low read depth			NA
ENCFF440YMZ	bigWig	read-depth normalized signal	ENCSR000ENJ	DNase-seq	CL:0000746	cardiac muscle cell	primary cell	Homo sapiens							NA			NA	DNA	NA	see document	see document	NA	False	2010-12-16	ENCODE	NA	NA	NA	2	NA	NA	NA	NA	NA	NA	ENCFF148CSB	563396776	ENCODE Processing Pipeline	650c181386a785f4d8cf5c3e5f2cadc4	NA	https://www.encodeproject.org/files/ENCFF440YMZ/@@download/ENCFF440YMZ.bigWig	hg19	NA	NA	NA	released	s3://encode-public/2018/05/07/48c6262a-6f23-4944-9e41-6bc2e725fa62/ENCFF440YMZ.bigWig	low read depth			NA
ENCFF867GQA	bigWig	read-depth normalized signal	ENCSR000END	DNase-seq	CL:0002536	amniotic epithelial cell	primary cell	Homo sapiens							NA			NA	DNA	NA	see document	see document	NA	False	2010-12-14	ENCODE	NA	NA	NA	2	NA	NA	NA	NA	NA	NA	ENCFF884UFS	530368914	ENCODE Processing Pipeline	4f70efba7b8892680f742163134e9a0c	NA	https://www.encodeproject.org/files/ENCFF867GQA/@@download/ENCFF867GQA.bigWig	hg19	NA	NA	NA	released	s3://encode-public/2017/09/06/30202fbe-9050-4368-8261-1a5524234036/ENCFF867GQA.bigWig	low read depth			NA
ENCFF994FMY	bigWig	read-depth normalized signal	ENCSR000END	DNase-seq	CL:0002536	amniotic epithelial cell	primary cell	Homo sapiens							NA			NA	DNA	NA	see document	see document	NA	False	2010-12-14	ENCODE	NA	NA	NA	1	NA	NA	NA	NA	NA	NA	ENCFF571VMT	715336038	ENCODE Processing Pipeline	b7227f232fd6603cdc584bead3a726de	NA	https://www.encodeproject.org/files/ENCFF994FMY/@@download/ENCFF994FMY.bigWig	hg19	NA	NA	NA	released	s3://encode-public/2017/09/06/7304661f-50b5-4acf-b099-ff51ac1705f5/ENCFF994FMY.bigWig	low read depth			NA
ENCFF076AZT	bigWig	read-depth normalized signal	ENCSR000ENE	DNase-seq	CL:2000044	brain microvascular endothelial cell	primary cell	Homo sapiens							NA			NA	DNA	NA	see document	see document	NA	False	2010-12-16	ENCODE	NA	NA	NA	1	NA	NA	NA	NA	NA	NA	ENCFF643GBS	583445140	ENCODE Processing Pipeline	23eee30f9040407077d13e72c652bce3	NA	https://www.encodeproject.org/files/ENCFF076AZT/@@download/ENCFF076AZT.bigWig	hg19	NA	NA	NA	released	s3://encode-public/2017/09/06/a9cc2e8e-ffe0-4267-83f8-9e71855c48a5/ENCFF076AZT.bigWig	low read depth			NA
ENCFF618GYF	bigWig	read-depth normalized signal	ENCSR000ENE	DNase-seq	CL:2000044	brain microvascular endothelial cell	primary cell	Homo sapiens							NA			NA	DNA	NA	see document	see document	NA	False	2010-12-16	ENCODE	NA	NA	NA	2	NA	NA	NA	NA	NA	NA	ENCFF962RER	591066791	ENCODE Processing Pipeline	32a5fe4a4609f6de03a3731e6f70b2b4	NA	https://www.encodeproject.org/files/ENCFF618GYF/@@download/ENCFF618GYF.bigWig	hg19	NA	NA	NA	released	s3://encode-public/2017/09/06/8c3ffdb3-3d99-4805-a447-4d5846b85250/ENCFF618GYF.bigWig	low read depth			NA
ENCFF334YII	bigWig	read-depth normalized signal	ENCSR366YTD	DNase-seq	CL:0000084	T-cell	primary cell	Homo sapiens							NA			NA	DNA	NA	see document		NA	False	2013-07-31	Roadmap	NA	NA	NA	1	NA	NA	NA	NA	NA	NA	ENCFF070VVE	586265844	ENCODE Processing Pipeline	c63be35dfc36cfa6ea7f7e2d0974b7d9	NA	https://www.encodeproject.org/files/ENCFF334YII/@@download/ENCFF334YII.bigWig	hg19	NA	NA	NA	released	s3://encode-public/2017/09/19/2f8da426-d7ce-4de9-9e71-09481af56c40/ENCFF334YII.bigWig	low read depth			NA
ENCFF251DNL	bigWig	read-depth normalized signal	ENCSR414IHC	DNase-seq	CL:0000084	T-cell	primary cell	Homo sapiens	G-CSF	7.5 g/kg	4 day				NA			NA	DNA	NA	see document		NA	False	2013-07-31	Roadmap	NA	NA	NA	1	NA	NA	NA	NA	NA	NA	ENCFF911VCD	620933787	ENCODE Processing Pipeline	a407f9ed2d6a5e86e4a98a1111ee8d71	NA	https://www.encodeproject.org/files/ENCFF251DNL/@@download/ENCFF251DNL.bigWig	hg19	NA	NA	NA	released	s3://encode-public/2017/09/19/0e71fb0a-604e-4c87-a69b-2b93cc332bd7/ENCFF251DNL.bigWig	low spot score, low read depth	mismatched status		NA
ENCFF745EOG	bigWig	read-depth normalized signal	ENCSR569ATD	DNase-seq	CL:0000624	CD4-positive, alpha-beta T cell	primary cell	Homo sapiens	G-CSF	7.5 g/kg	4 day				NA			NA	DNA	NA	see document		NA	False	2013-07-31	Roadmap	NA	NA	NA	1	NA	NA	NA	NA	NA	NA	ENCFF308TOC	589903009	ENCODE Processing Pipeline	3157002376365a3561b66cc54c76d313	NA	https://www.encodeproject.org/files/ENCFF745EOG/@@download/ENCFF745EOG.bigWig	hg19	NA	NA	NA	released	s3://encode-public/2017/09/19/b60ea609-90e3-43ae-bc50-8c023d187e44/ENCFF745EOG.bigWig	low read depth	mismatched status		NA
ENCFF631MWM	bigWig	read-depth normalized signal	ENCSR842VTJ	DNase-seq	CL:0000625	CD8-positive, alpha-beta T cell	primary cell	Homo sapiens	G-CSF	7.5 g/kg	4 day				NA			NA	DNA	NA	see document		NA	False	2013-07-31	Roadmap	NA	NA	NA	1	NA	NA	NA	NA	NA	NA	ENCFF790RMQ	560847027	ENCODE Processing Pipeline	63e1af831a083f20788b200f1f4fd17b	NA	https://www.encodeproject.org/files/ENCFF631MWM/@@download/ENCFF631MWM.bigWig	hg19	NA	NA	NA	released	s3://encode-public/2017/09/19/21c00ce5-66c1-4d61-adfe-b3293bc15c7e/ENCFF631MWM.bigWig	low spot score, low read depth	mismatched status		NA
ENCFF388GJW	bigWig	read-depth normalized signal	ENCSR425MRQ	DNase-seq	CL:0000624	CD4-positive, alpha-beta T cell	primary cell	Homo sapiens	G-CSF	7.5 g/kg	4 day				NA			NA	DNA	NA	see document		NA	False	2013-07-31	Roadmap	NA	NA	NA	1	NA	NA	NA	NA	NA	NA	ENCFF145YPS	570122169	ENCODE Processing Pipeline	dccfe9b0f6db6837c88a04c7675cf1c0	NA	https://www.encodeproject.org/files/ENCFF388GJW/@@download/ENCFF388GJW.bigWig	hg19	NA	NA	NA	released	s3://encode-public/2017/09/19/4e0ab894-2c7c-440b-9779-3e8790fd01a8/ENCFF388GJW.bigWig	low spot score, low read depth	mismatched status		NA
ENCFF061JPV	bigWig	read-depth normalized signal	ENCSR000ENV	DNase-seq	CL:0002327	mammary epithelial cell	primary cell	Homo sapiens							NA			NA	DNA	NA	see document	see document	NA	False	2010-12-16	ENCODE	NA	NA	NA	1	NA	NA	NA	NA	NA	NA	ENCFF603EHL	583380530	ENCODE Processing Pipeline	bb629472f299ff9aef33a940c0632614	NA	https://www.encodeproject.org/files/ENCFF061JPV/@@download/ENCFF061JPV.bigWig	hg19	NA	NA	NA	released	s3://encode-public/2017/09/06/47ed9721-a6eb-4507-91d9-27fcbc11500e/ENCFF061JPV.bigWig	low read depth			NA
ENCFF138HAR	bigWig	read-depth normalized signal	ENCSR000ENV	DNase-seq	CL:0002327	mammary epithelial cell	primary cell	Homo sapiens							NA			NA	DNA	NA	see document	see document	NA	False	2010-12-16	ENCODE	NA	NA	NA	2	NA	NA	NA	NA	NA	NA	ENCFF833RVB	565820539	ENCODE Processing Pipeline	06b05d3fd11a2bbce85a4f4ffef3e87c	NA	https://www.encodeproject.org/files/ENCFF138HAR/@@download/ENCFF138HAR.bigWig	hg19	NA	NA	NA	released	s3://encode-public/2017/09/06/378998f7-a9b9-473d-ad6e-a7199b0c6efa/ENCFF138HAR.bigWig	low read depth			NA
ENCFF364JNA	bigWig	read-depth normalized signal	ENCSR000EOO	DNase-seq	CL:0000515	skeletal muscle myoblast	primary cell	Homo sapiens							NA			NA	DNA	NA	see document	see document	NA	False	2011-05-04	ENCODE	NA	NA	NA	2	NA	NA	NA	NA	NA	NA	ENCFF192DFJ	577466896	ENCODE Processing Pipeline	a53be08ddc1e9aaddd2035f2a5c1eadb	NA	https://www.encodeproject.org/files/ENCFF364JNA/@@download/ENCFF364JNA.bigWig	hg19	NA	NA	NA	released	s3://encode-public/2017/12/10/26a746c8-35d5-4031-b3dc-8e2d26186208/ENCFF364JNA.bigWig	mixed read lengths, low read depth	sequencing runs labeled as technical replicates		NA
ENCFF700VWH	bigWig	read-depth normalized signal	ENCSR000EOO	DNase-seq	CL:0000515	skeletal muscle myoblast	primary cell	Homo sapiens							NA			NA	DNA	NA	see document	see document	NA	False	2011-05-04	ENCODE	NA	NA	NA	1	NA	NA	NA	NA	NA	NA	ENCFF427DFD	800784576	ENCODE Processing Pipeline	eea90af6d75b72b6572d34c1af2dbd2d	NA	https://www.encodeproject.org/files/ENCFF700VWH/@@download/ENCFF700VWH.bigWig	hg19	NA	NA	NA	released	s3://encode-public/2017/12/10/48b6a0d2-f2c0-4d44-8ee8-6998e554b793/ENCFF700VWH.bigWig	mixed read lengths, low read depth	sequencing runs labeled as technical replicates		NA
